code,problem_name,score,contest_name,link,time_limit,memory_limit
agc001_a,A - BBQ Easy,200,agc001,https://beta.atcoder.jp/contests/agc001/tasks/agc001_a,2,256 MB
agc001_b,B - Mysterious Light,500,agc001,https://beta.atcoder.jp/contests/agc001/tasks/agc001_b,2,256 MB
agc001_c,C - Shorten Diameter,600,agc001,https://beta.atcoder.jp/contests/agc001/tasks/agc001_c,2,256 MB
agc001_d,D - Arrays and Palindrome,1000,agc001,https://beta.atcoder.jp/contests/agc001/tasks/agc001_d,2,256 MB
agc001_e,E - BBQ Hard,1400,agc001,https://beta.atcoder.jp/contests/agc001/tasks/agc001_e,2,256 MB
agc001_f,F - Wide Swap,2000,agc001,https://beta.atcoder.jp/contests/agc001/tasks/agc001_f,5,256 MB
agc002_a,A - Range Product,No Score,agc002,https://beta.atcoder.jp/contests/agc002/tasks/agc002_a,2,256 MB
agc002_b,B - Box and Ball,No Score,agc002,https://beta.atcoder.jp/contests/agc002/tasks/agc002_b,2,256 MB
agc002_c,C - Knot Puzzle,No Score,agc002,https://beta.atcoder.jp/contests/agc002/tasks/agc002_c,2,256 MB
agc002_d,D - Stamp Rally,No Score,agc002,https://beta.atcoder.jp/contests/agc002/tasks/agc002_d,2,256 MB
agc002_e,E - Candy Piles,No Score,agc002,https://beta.atcoder.jp/contests/agc002/tasks/agc002_e,2,256 MB
agc002_f,F - Leftmost Ball,No Score,agc002,https://beta.atcoder.jp/contests/agc002/tasks/agc002_f,2,256 MB
agc003_a,A - Wanna go back home,200,agc003,https://beta.atcoder.jp/contests/agc003/tasks/agc003_a,2,256 MB
agc003_b,B - Simplified mahjong,400,agc003,https://beta.atcoder.jp/contests/agc003/tasks/agc003_b,2,256 MB
agc003_c,C - BBuBBBlesort!,600,agc003,https://beta.atcoder.jp/contests/agc003/tasks/agc003_c,2,256 MB
agc003_d,D - Anticube,1100,agc003,https://beta.atcoder.jp/contests/agc003/tasks/agc003_d,5,256 MB
agc003_e,E - Sequential operations on Sequence,1400,agc003,https://beta.atcoder.jp/contests/agc003/tasks/agc003_e,2,256 MB
agc003_f,F - Fraction of Fractal,1700,agc003,https://beta.atcoder.jp/contests/agc003/tasks/agc003_f,2,256 MB
agc004_a,A - Divide a Cuboid,200,agc004,https://beta.atcoder.jp/contests/agc004/tasks/agc004_a,2,256 MB
agc004_b,B - Colorful Slimes,400,agc004,https://beta.atcoder.jp/contests/agc004/tasks/agc004_b,2,256 MB
agc004_c,C - AND Grid,700,agc004,https://beta.atcoder.jp/contests/agc004/tasks/agc004_c,2,256 MB
agc004_d,D - Teleporter,800,agc004,https://beta.atcoder.jp/contests/agc004/tasks/agc004_d,1,256 MB
agc004_e,E - Salvage Robots,1400,agc004,https://beta.atcoder.jp/contests/agc004/tasks/agc004_e,2,256 MB
agc004_f,F - Namori,2200,agc004,https://beta.atcoder.jp/contests/agc004/tasks/agc004_f,2,256 MB
agc005_a,A - STring,300,agc005,https://beta.atcoder.jp/contests/agc005/tasks/agc005_a,1,256 MB
agc005_b,B - Minimum Sum,400,agc005,https://beta.atcoder.jp/contests/agc005/tasks/agc005_b,2,256 MB
agc005_c,C - Tree Restoring,700,agc005,https://beta.atcoder.jp/contests/agc005/tasks/agc005_c,2,256 MB
agc005_d,D - ~K Perm Counting,900,agc005,https://beta.atcoder.jp/contests/agc005/tasks/agc005_d,2,256 MB
agc005_e,E - Sugigma: The Showdown,1400,agc005,https://beta.atcoder.jp/contests/agc005/tasks/agc005_e,2,256 MB
agc005_f,F - Many Easy Problems,1900,agc005,https://beta.atcoder.jp/contests/agc005/tasks/agc005_f,5,512 MB
agc006_a,A - Prefix and Suffix,200,agc006,https://beta.atcoder.jp/contests/agc006/tasks/agc006_a,2,256 MB
agc006_b,B - Median Pyramid Easy,400,agc006,https://beta.atcoder.jp/contests/agc006/tasks/agc006_b,2,256 MB
agc006_c,C - Rabbit Exercise,800,agc006,https://beta.atcoder.jp/contests/agc006/tasks/agc006_c,2,256 MB
agc006_d,D - Median Pyramid Hard,1300,agc006,https://beta.atcoder.jp/contests/agc006/tasks/agc006_d,2,256 MB
agc006_e,E - Rotate 3x3,1500,agc006,https://beta.atcoder.jp/contests/agc006/tasks/agc006_e,2,256 MB
agc006_f,F - Blackout,1700,agc006,https://beta.atcoder.jp/contests/agc006/tasks/agc006_f,2,256 MB
agc007_a,A - Shik and Stone,200,agc007,https://beta.atcoder.jp/contests/agc007/tasks/agc007_a,2,256 MB
agc007_b,B - Construct Sequences,400,agc007,https://beta.atcoder.jp/contests/agc007/tasks/agc007_b,2,256 MB
agc007_c,C - Pushing Balls,1000,agc007,https://beta.atcoder.jp/contests/agc007/tasks/agc007_c,2,256 MB
agc007_d,D - Shik and Game,1200,agc007,https://beta.atcoder.jp/contests/agc007/tasks/agc007_d,2,256 MB
agc007_e,E - Shik and Travel,1400,agc007,https://beta.atcoder.jp/contests/agc007/tasks/agc007_e,5,256 MB
agc007_f,F - Shik and Copying String,1500,agc007,https://beta.atcoder.jp/contests/agc007/tasks/agc007_f,2,256 MB
agc008_a,A - Simple Calculator,300,agc008,https://beta.atcoder.jp/contests/agc008/tasks/agc008_a,2,256 MB
agc008_b,B - Contiguous Repainting,400,agc008,https://beta.atcoder.jp/contests/agc008/tasks/agc008_b,2,256 MB
agc008_c,C - Tetromino Tiling,600,agc008,https://beta.atcoder.jp/contests/agc008/tasks/agc008_c,2,256 MB
agc008_d,D - K-th K,800,agc008,https://beta.atcoder.jp/contests/agc008/tasks/agc008_d,2,256 MB
agc008_e,E - Next or Nextnext,1400,agc008,https://beta.atcoder.jp/contests/agc008/tasks/agc008_e,2,256 MB
agc008_f,F - Black Radius,1900,agc008,https://beta.atcoder.jp/contests/agc008/tasks/agc008_f,2,256 MB
agc009_a,A - Multiple Array,300,agc009,https://beta.atcoder.jp/contests/agc009/tasks/agc009_a,2,256 MB
agc009_b,B - Tournament,800,agc009,https://beta.atcoder.jp/contests/agc009/tasks/agc009_b,2,256 MB
agc009_c,C - Division into Two,1100,agc009,https://beta.atcoder.jp/contests/agc009/tasks/agc009_c,2,256 MB
agc009_d,D - Uninity,1400,agc009,https://beta.atcoder.jp/contests/agc009/tasks/agc009_d,2,256 MB
agc009_e,E - Eternal Average,1600,agc009,https://beta.atcoder.jp/contests/agc009/tasks/agc009_e,2,256 MB
agc010_a,A - Addition,300,agc010,https://beta.atcoder.jp/contests/agc010/tasks/agc010_a,2,256 MB
agc010_b,B - Boxes,500,agc010,https://beta.atcoder.jp/contests/agc010/tasks/agc010_b,2,256 MB
agc010_c,C - Cleaning,700,agc010,https://beta.atcoder.jp/contests/agc010/tasks/agc010_c,2,256 MB
agc010_d,D - Decrementing,1000,agc010,https://beta.atcoder.jp/contests/agc010/tasks/agc010_d,2,256 MB
agc010_e,E - Rearranging,1600,agc010,https://beta.atcoder.jp/contests/agc010/tasks/agc010_e,2,256 MB
agc010_f,F - Tree Game,1600,agc010,https://beta.atcoder.jp/contests/agc010/tasks/agc010_f,2,256 MB
agc011_a,A - Airport Bus,300,agc011,https://beta.atcoder.jp/contests/agc011/tasks/agc011_a,2,256 MB
agc011_b,B - Colorful Creatures,400,agc011,https://beta.atcoder.jp/contests/agc011/tasks/agc011_b,2,256 MB
agc011_c,C - Squared Graph,800,agc011,https://beta.atcoder.jp/contests/agc011/tasks/agc011_c,2,256 MB
agc011_d,D - Half Reflector,900,agc011,https://beta.atcoder.jp/contests/agc011/tasks/agc011_d,2,256 MB
agc011_e,E - Increasing Numbers,1300,agc011,https://beta.atcoder.jp/contests/agc011/tasks/agc011_e,2,256 MB
agc011_f,F - Train Service Planning,1700,agc011,https://beta.atcoder.jp/contests/agc011/tasks/agc011_f,2,256 MB
agc012_a,A - AtCoder Group Contest,300,agc012,https://beta.atcoder.jp/contests/agc012/tasks/agc012_a,2,256 MB
agc012_b,B - Splatter Painting,700,agc012,https://beta.atcoder.jp/contests/agc012/tasks/agc012_b,2,256 MB
agc012_c,C - Tautonym Puzzle,1000,agc012,https://beta.atcoder.jp/contests/agc012/tasks/agc012_c,2,256 MB
agc012_d,D - Colorful Balls,1000,agc012,https://beta.atcoder.jp/contests/agc012/tasks/agc012_d,2,256 MB
agc012_e,E - Camel and Oases,1000,agc012,https://beta.atcoder.jp/contests/agc012/tasks/agc012_e,2,256 MB
agc012_f,F - Prefix Median,2000,agc012,https://beta.atcoder.jp/contests/agc012/tasks/agc012_f,2,256 MB
agc013_a,A - Sorted Arrays,300,agc013,https://beta.atcoder.jp/contests/agc013/tasks/agc013_a,2,256 MB
agc013_b,B - Hamiltonish Path,500,agc013,https://beta.atcoder.jp/contests/agc013/tasks/agc013_b,2,256 MB
agc013_c,C - Ants on a Circle,700,agc013,https://beta.atcoder.jp/contests/agc013/tasks/agc013_c,2,256 MB
agc013_d,D - Piling Up,900,agc013,https://beta.atcoder.jp/contests/agc013/tasks/agc013_d,2,256 MB
agc013_e,E - Placing Squares,1600,agc013,https://beta.atcoder.jp/contests/agc013/tasks/agc013_e,3,256 MB
agc013_f,F - Two Faced Cards,2000,agc013,https://beta.atcoder.jp/contests/agc013/tasks/agc013_f,2,256 MB
agc014_a,A - Cookie Exchanges,300,agc014,https://beta.atcoder.jp/contests/agc014/tasks/agc014_a,2,256 MB
agc014_b,B - Unplanned Queries,500,agc014,https://beta.atcoder.jp/contests/agc014/tasks/agc014_b,2,256 MB
agc014_c,C - Closed Rooms,700,agc014,https://beta.atcoder.jp/contests/agc014/tasks/agc014_c,2,256 MB
agc014_d,D - Black and White Tree,900,agc014,https://beta.atcoder.jp/contests/agc014/tasks/agc014_d,2,256 MB
agc014_e,E - Blue and Red Tree,1400,agc014,https://beta.atcoder.jp/contests/agc014/tasks/agc014_e,6,256 MB
agc014_f,F - Strange Sorting,2400,agc014,https://beta.atcoder.jp/contests/agc014/tasks/agc014_f,2,256 MB
agc015_a,A - A&#43;...&#43;B Problem,200,agc015,https://beta.atcoder.jp/contests/agc015/tasks/agc015_a,2,256 MB
agc015_b,B - Evilator,400,agc015,https://beta.atcoder.jp/contests/agc015/tasks/agc015_b,2,256 MB
agc015_c,C - Nuske vs Phantom Thnook,700,agc015,https://beta.atcoder.jp/contests/agc015/tasks/agc015_c,4,256 MB
agc015_d,D - A or...or B Problem,900,agc015,https://beta.atcoder.jp/contests/agc015/tasks/agc015_d,2,256 MB
agc015_e,E - Mr.Aoki Incubator,1200,agc015,https://beta.atcoder.jp/contests/agc015/tasks/agc015_e,2,256 MB
agc015_f,F - Kenus the Ancient Greek,1700,agc015,https://beta.atcoder.jp/contests/agc015/tasks/agc015_f,5,256 MB
agc016_a,A - Shrinking,300,agc016,https://beta.atcoder.jp/contests/agc016/tasks/agc016_a,2,256 MB
agc016_b,B - Colorful Hats,700,agc016,https://beta.atcoder.jp/contests/agc016/tasks/agc016_b,2,256 MB
agc016_c,C - &#43;/- Rectangle,700,agc016,https://beta.atcoder.jp/contests/agc016/tasks/agc016_c,2,256 MB
agc016_d,D - XOR Replace,1000,agc016,https://beta.atcoder.jp/contests/agc016/tasks/agc016_d,2,256 MB
agc016_e,E - Poor Turkeys,1400,agc016,https://beta.atcoder.jp/contests/agc016/tasks/agc016_e,2,256 MB
agc016_f,F - Games on DAG,1600,agc016,https://beta.atcoder.jp/contests/agc016/tasks/agc016_f,5,256 MB
agc017_a,A - Biscuits,200,agc017,https://beta.atcoder.jp/contests/agc017/tasks/agc017_a,2,256 MB
agc017_b,B - Moderate Differences,400,agc017,https://beta.atcoder.jp/contests/agc017/tasks/agc017_b,2,256 MB
agc017_c,C - Snuke and Spells,1000,agc017,https://beta.atcoder.jp/contests/agc017/tasks/agc017_c,2,256 MB
agc017_d,D - Game on Tree,1100,agc017,https://beta.atcoder.jp/contests/agc017/tasks/agc017_d,2,256 MB
agc017_e,E - Jigsaw,1200,agc017,https://beta.atcoder.jp/contests/agc017/tasks/agc017_e,2,256 MB
agc017_f,F - Zigzag,1600,agc017,https://beta.atcoder.jp/contests/agc017/tasks/agc017_f,4,256 MB
agc018_a,A - Getting Difference,300,agc018,https://beta.atcoder.jp/contests/agc018/tasks/agc018_a,2,256 MB
agc018_b,B - Sports Festival,700,agc018,https://beta.atcoder.jp/contests/agc018/tasks/agc018_b,2,256 MB
agc018_c,C - Coins,800,agc018,https://beta.atcoder.jp/contests/agc018/tasks/agc018_c,2,256 MB
agc018_d,D - Tree and Hamilton Path,1100,agc018,https://beta.atcoder.jp/contests/agc018/tasks/agc018_d,2,256 MB
agc018_e,E - Sightseeing Plan,1600,agc018,https://beta.atcoder.jp/contests/agc018/tasks/agc018_e,8,256 MB
agc018_f,F - Two Trees,1700,agc018,https://beta.atcoder.jp/contests/agc018/tasks/agc018_f,2,256 MB
agc019_a,A - Ice Tea Store,300,agc019,https://beta.atcoder.jp/contests/agc019/tasks/agc019_a,2,256 MB
agc019_b,B - Reverse and Compare,500,agc019,https://beta.atcoder.jp/contests/agc019/tasks/agc019_b,2,256 MB
agc019_c,C - Fountain Walk,900,agc019,https://beta.atcoder.jp/contests/agc019/tasks/agc019_c,2,256 MB
agc019_d,D - Shift and Flip,1000,agc019,https://beta.atcoder.jp/contests/agc019/tasks/agc019_d,2,256 MB
agc019_e,E - Shuffle and Swap,1700,agc019,https://beta.atcoder.jp/contests/agc019/tasks/agc019_e,2,512 MB
agc019_f,F - Yes or No,2000,agc019,https://beta.atcoder.jp/contests/agc019/tasks/agc019_f,2,256 MB
agc020_a,A - Move and Win,300,agc020,https://beta.atcoder.jp/contests/agc020/tasks/agc020_a,1,512 MB
agc020_b,B - Ice Rink Game,500,agc020,https://beta.atcoder.jp/contests/agc020/tasks/agc020_b,2,512 MB
agc020_c,C - Median Sum,700,agc020,https://beta.atcoder.jp/contests/agc020/tasks/agc020_c,2,512 MB
agc020_d,D - Min Max Repetition,1100,agc020,https://beta.atcoder.jp/contests/agc020/tasks/agc020_d,2,512 MB
agc020_e,E - Encoding Subsets,1400,agc020,https://beta.atcoder.jp/contests/agc020/tasks/agc020_e,5,512 MB
agc020_f,F - Arcs on a Circle,2100,agc020,https://beta.atcoder.jp/contests/agc020/tasks/agc020_f,5,512 MB
arc001_1,A - センター採点,No Score,arc001,https://beta.atcoder.jp/contests/arc001/tasks/arc001_1,2,64 MB
arc001_2,B - リモコン,No Score,arc001,https://beta.atcoder.jp/contests/arc001/tasks/arc001_2,2,64 MB
arc001_3,C - パズルのお手伝い,No Score,arc001,https://beta.atcoder.jp/contests/arc001/tasks/arc001_3,2,64 MB
arc001_4,D - レースゲーム,No Score,arc001,https://beta.atcoder.jp/contests/arc001/tasks/arc001_4,2,64 MB
arc002_1,A - うるう年,No Score,arc002,https://beta.atcoder.jp/contests/arc002/tasks/arc002_1,2,64 MB
arc002_2,B - 割り切れる日付,No Score,arc002,https://beta.atcoder.jp/contests/arc002/tasks/arc002_2,2,64 MB
arc002_3,C - コマンド入力,No Score,arc002,https://beta.atcoder.jp/contests/arc002/tasks/arc002_3,2,64 MB
arc002_4,D - ボードゲーム,No Score,arc002,https://beta.atcoder.jp/contests/arc002/tasks/arc002_4,2,256 MB
arc003_1,A - GPA計算,No Score,arc003,https://beta.atcoder.jp/contests/arc003/tasks/arc003_1,2,64 MB
arc003_2,B - さかさま辞書,No Score,arc003,https://beta.atcoder.jp/contests/arc003/tasks/arc003_2,2,64 MB
arc003_3,C - 暗闇帰り道,No Score,arc003,https://beta.atcoder.jp/contests/arc003/tasks/arc003_3,5,64 MB
arc003_4,D - シャッフル席替え,No Score,arc003,https://beta.atcoder.jp/contests/arc003/tasks/arc003_4,10,64 MB
arc004_1,A - 2点間距離の最大値 ( The longest distance ),No Score,arc004,https://beta.atcoder.jp/contests/arc004/tasks/arc004_1,2,64 MB
arc004_2,B - 2点間距離の最大と最小 ( Maximum and Minimum ),No Score,arc004,https://beta.atcoder.jp/contests/arc004/tasks/arc004_2,2,64 MB
arc004_3,C - 平均値太郎の憂鬱 ( The melancholy of Taro Heikinchi ),No Score,arc004,https://beta.atcoder.jp/contests/arc004/tasks/arc004_3,2,64 MB
arc004_4,D - 表現の自由 ( Freedom of expression ),No Score,arc004,https://beta.atcoder.jp/contests/arc004/tasks/arc004_4,2,64 MB
arc005_1,A - 大好き高橋君,No Score,arc005,https://beta.atcoder.jp/contests/arc005/tasks/arc005_1,2,64 MB
arc005_2,B - P-CASカードと高橋君,No Score,arc005,https://beta.atcoder.jp/contests/arc005/tasks/arc005_2,2,64 MB
arc005_3,C - 器物損壊！高橋君,No Score,arc005,https://beta.atcoder.jp/contests/arc005/tasks/arc005_3,2,64 MB
arc005_4,D - 連射王高橋君,No Score,arc005,https://beta.atcoder.jp/contests/arc005/tasks/arc005_4,2,64 MB
arc006_1,A - 宝くじ,No Score,arc006,https://beta.atcoder.jp/contests/arc006/tasks/arc006_1,2,64 MB
arc006_2,B - あみだくじ,No Score,arc006,https://beta.atcoder.jp/contests/arc006/tasks/arc006_2,2,64 MB
arc006_3,C - 積み重ね,No Score,arc006,https://beta.atcoder.jp/contests/arc006/tasks/arc006_3,2,64 MB
arc006_4,D - アルファベット探し,No Score,arc006,https://beta.atcoder.jp/contests/arc006/tasks/arc006_4,2,64 MB
arc007_1,A - 帰ってきた器物損壊！高橋君,No Score,arc007,https://beta.atcoder.jp/contests/arc007/tasks/arc007_1,2,64 MB
arc007_2,B - 迷子のCDケース,No Score,arc007,https://beta.atcoder.jp/contests/arc007/tasks/arc007_2,2,64 MB
arc007_3,C - 節約生活,No Score,arc007,https://beta.atcoder.jp/contests/arc007/tasks/arc007_3,2,64 MB
arc007_4,D - 破れた宿題,No Score,arc007,https://beta.atcoder.jp/contests/arc007/tasks/arc007_4,2,64 MB
arc008_1,A - たこ焼き買えるかな？,No Score,arc008,https://beta.atcoder.jp/contests/arc008/tasks/arc008_1,2,64 MB
arc008_2,B - 謎のたこ焼きおじさん,No Score,arc008,https://beta.atcoder.jp/contests/arc008/tasks/arc008_2,2,64 MB
arc008_3,C - THE☆たこ焼き祭り2012,No Score,arc008,https://beta.atcoder.jp/contests/arc008/tasks/arc008_3,2,64 MB
arc008_4,D - タコヤキオイシクナール,No Score,arc008,https://beta.atcoder.jp/contests/arc008/tasks/arc008_4,2,256 MB
arc009_1,A - 元気にお使い！高橋君,No Score,arc009,https://beta.atcoder.jp/contests/arc009/tasks/arc009_1,2,64 MB
arc009_2,B - おとぎの国の高橋君,No Score,arc009,https://beta.atcoder.jp/contests/arc009/tasks/arc009_2,2,64 MB
arc009_3,C - 高橋君、24歳,No Score,arc009,https://beta.atcoder.jp/contests/arc009/tasks/arc009_3,2,64 MB
arc009_4,D - 覚醒ノ高橋君,No Score,arc009,https://beta.atcoder.jp/contests/arc009/tasks/arc009_4,8,64 MB
arc010_1,A - 名刺交換,No Score,arc010,https://beta.atcoder.jp/contests/arc010/tasks/arc010_1,2,64 MB
arc010_2,B - 超大型連休,No Score,arc010,https://beta.atcoder.jp/contests/arc010/tasks/arc010_2,2,64 MB
arc010_3,C - 積み上げパズル,No Score,arc010,https://beta.atcoder.jp/contests/arc010/tasks/arc010_3,2,64 MB
arc010_4,D - 情報伝播,No Score,arc010,https://beta.atcoder.jp/contests/arc010/tasks/arc010_4,8,256 MB
arc011_1,A - 鉛筆リサイクルの新技術,No Score,arc011,https://beta.atcoder.jp/contests/arc011/tasks/arc011_1,2,256 MB
arc011_2,B - ルイス・キャロルの記憶術,No Score,arc011,https://beta.atcoder.jp/contests/arc011/tasks/arc011_2,2,256 MB
arc011_3,C - ダブレット,No Score,arc011,https://beta.atcoder.jp/contests/arc011/tasks/arc011_3,2,256 MB
arc011_4,D - きつねさんからの挑戦状,No Score,arc011,https://beta.atcoder.jp/contests/arc011/tasks/arc011_4,2,256 MB
arc012_1,A - 週末,No Score,arc012,https://beta.atcoder.jp/contests/arc012/tasks/arc012_1,2,64 MB
arc012_2,B - アキレスと亀,No Score,arc012,https://beta.atcoder.jp/contests/arc012/tasks/arc012_2,2,64 MB
arc012_3,C - 五目並べチェッカー,No Score,arc012,https://beta.atcoder.jp/contests/arc012/tasks/arc012_3,2,64 MB
arc012_4,D - Don&#39;t worry. Be Together,No Score,arc012,https://beta.atcoder.jp/contests/arc012/tasks/arc012_4,4,256 MB
arc013_1,A - 梱包できるかな？,No Score,arc013,https://beta.atcoder.jp/contests/arc013/tasks/arc013_1,2,64 MB
arc013_2,B - 引越しできるかな？,No Score,arc013,https://beta.atcoder.jp/contests/arc013/tasks/arc013_2,2,64 MB
arc013_3,C - 笑いをとれるかな？,No Score,arc013,https://beta.atcoder.jp/contests/arc013/tasks/arc013_3,2,64 MB
arc013_4,D - 切り分けできるかな？,No Score,arc013,https://beta.atcoder.jp/contests/arc013/tasks/arc013_4,2,64 MB
arc014_1,A - 君が望むなら世界中全てのたこ焼きを赤と青に染め上げよう,No Score,arc014,https://beta.atcoder.jp/contests/arc014/tasks/arc014_1,2,64 MB
arc014_2,B - あの日したしりとりの結果を僕達はまだ知らない。,No Score,arc014,https://beta.atcoder.jp/contests/arc014/tasks/arc014_2,2,64 MB
arc014_3,C - 魂の還る場所,No Score,arc014,https://beta.atcoder.jp/contests/arc014/tasks/arc014_3,2,64 MB
arc014_4,D - grepマスター,No Score,arc014,https://beta.atcoder.jp/contests/arc014/tasks/arc014_4,4,256 MB
arc015_1,A - Celsius と Fahrenheit,No Score,arc015,https://beta.atcoder.jp/contests/arc015/tasks/arc015_1,2,64 MB
arc015_2,B - 真冬日？真夏日？,No Score,arc015,https://beta.atcoder.jp/contests/arc015/tasks/arc015_2,2,64 MB
arc015_3,C - 変わった単位,No Score,arc015,https://beta.atcoder.jp/contests/arc015/tasks/arc015_3,2,64 MB
arc015_4,D - きんいろクッキー,No Score,arc015,https://beta.atcoder.jp/contests/arc015/tasks/arc015_4,2,64 MB
arc016_1,A - クイズゲーム,No Score,arc016,https://beta.atcoder.jp/contests/arc016/tasks/arc016_1,2,64 MB
arc016_2,B - 音楽ゲーム,No Score,arc016,https://beta.atcoder.jp/contests/arc016/tasks/arc016_2,2,64 MB
arc016_3,C - ソーシャルゲーム,No Score,arc016,https://beta.atcoder.jp/contests/arc016/tasks/arc016_3,2,64 MB
arc016_4,D - 軍艦ゲーム,No Score,arc016,https://beta.atcoder.jp/contests/arc016/tasks/arc016_4,2,64 MB
arc017_1,A - 素数、コンテスト、素数,No Score,arc017,https://beta.atcoder.jp/contests/arc017/tasks/arc017_1,2,256 MB
arc017_2,B - 解像度が低い。,No Score,arc017,https://beta.atcoder.jp/contests/arc017/tasks/arc017_2,2,256 MB
arc017_3,C - 無駄なものが嫌いな人,No Score,arc017,https://beta.atcoder.jp/contests/arc017/tasks/arc017_3,2,256 MB
arc017_4,D - ARCたんクッキー,No Score,arc017,https://beta.atcoder.jp/contests/arc017/tasks/arc017_4,2,256 MB
arc018_1,A - BMI,No Score,arc018,https://beta.atcoder.jp/contests/arc018/tasks/arc018_1,2,256 MB
arc018_2,B - 格子点と整数,No Score,arc018,https://beta.atcoder.jp/contests/arc018/tasks/arc018_2,2,256 MB
arc018_3,C - 席替え,No Score,arc018,https://beta.atcoder.jp/contests/arc018/tasks/arc018_3,2,256 MB
arc018_4,D - 僕は友達が少ない,No Score,arc018,https://beta.atcoder.jp/contests/arc018/tasks/arc018_4,3,256 MB
arc019_1,A - お買い物クライシス,No Score,arc019,https://beta.atcoder.jp/contests/arc019/tasks/arc019_1,2,256 MB
arc019_2,B - こだわりの名前,No Score,arc019,https://beta.atcoder.jp/contests/arc019/tasks/arc019_2,2,256 MB
arc019_3,C - 最後の森,No Score,arc019,https://beta.atcoder.jp/contests/arc019/tasks/arc019_3,2,256 MB
arc019_4,D - ほんとうのたたかい,No Score,arc019,https://beta.atcoder.jp/contests/arc019/tasks/arc019_4,2,256 MB
arc020_1,A - 石を滑らせるゲーム,No Score,arc020,https://beta.atcoder.jp/contests/arc020/tasks/arc020_1,2,256 MB
arc020_2,B - 縞模様,No Score,arc020,https://beta.atcoder.jp/contests/arc020/tasks/arc020_2,2,256 MB
arc020_3,C - A mod B Problem,No Score,arc020,https://beta.atcoder.jp/contests/arc020/tasks/arc020_3,2,256 MB
arc020_4,D - お菓子の国の旅行,No Score,arc020,https://beta.atcoder.jp/contests/arc020/tasks/arc020_4,2,256 MB
arc021_1,A - DEAD END,No Score,arc021,https://beta.atcoder.jp/contests/arc021/tasks/arc021_1,2,256 MB
arc021_2,B - Your Numbers are XORed...,No Score,arc021,https://beta.atcoder.jp/contests/arc021/tasks/arc021_2,2,256 MB
arc021_3,C - 増築王高橋君,No Score,arc021,https://beta.atcoder.jp/contests/arc021/tasks/arc021_3,2,256 MB
arc021_4,D - だいたい最小全域木,No Score,arc021,https://beta.atcoder.jp/contests/arc021/tasks/arc021_4,4,256 MB
arc022_1,A - スーパーICT高校生,No Score,arc022,https://beta.atcoder.jp/contests/arc022/tasks/arc022_1,2,256 MB
arc022_2,B - 細長いお菓子,No Score,arc022,https://beta.atcoder.jp/contests/arc022/tasks/arc022_2,2,256 MB
arc022_3,C - ロミオとジュリエット,No Score,arc022,https://beta.atcoder.jp/contests/arc022/tasks/arc022_3,2,256 MB
arc022_4,D - スプリンクラー,No Score,arc022,https://beta.atcoder.jp/contests/arc022/tasks/arc022_4,2,256 MB
arc023_1,A - 経過日数,No Score,arc023,https://beta.atcoder.jp/contests/arc023/tasks/arc023_1,2,256 MB
arc023_2,B - 謎の人物X,No Score,arc023,https://beta.atcoder.jp/contests/arc023/tasks/arc023_2,2,256 MB
arc023_3,C - タコヤ木,No Score,arc023,https://beta.atcoder.jp/contests/arc023/tasks/arc023_3,2,256 MB
arc023_4,D - GCD区間,No Score,arc023,https://beta.atcoder.jp/contests/arc023/tasks/arc023_4,3,256 MB
arc024_1,A - くつがくっつく,No Score,arc024,https://beta.atcoder.jp/contests/arc024/tasks/arc024_1,2,256 MB
arc024_2,B - 赤と黒の木,No Score,arc024,https://beta.atcoder.jp/contests/arc024/tasks/arc024_2,2,256 MB
arc024_3,C - だれじゃ,No Score,arc024,https://beta.atcoder.jp/contests/arc024/tasks/arc024_3,3,256 MB
arc024_4,D - バス停,No Score,arc024,https://beta.atcoder.jp/contests/arc024/tasks/arc024_4,2,256 MB
arc025_1,A - ゴールドラッシュ,No Score,arc025,https://beta.atcoder.jp/contests/arc025/tasks/arc025_1,2,256 MB
arc025_2,B - チョコレート,No Score,arc025,https://beta.atcoder.jp/contests/arc025/tasks/arc025_2,2,256 MB
arc025_3,C - ウサギとカメ,No Score,arc025,https://beta.atcoder.jp/contests/arc025/tasks/arc025_3,7,256 MB
arc025_4,D - コンセント,No Score,arc025,https://beta.atcoder.jp/contests/arc025/tasks/arc025_4,10,512 MB
arc026_1,A - ダイナミックなポーズ,No Score,arc026,https://beta.atcoder.jp/contests/arc026/tasks/arc026_1,2,256 MB
arc026_2,B - 完全数,No Score,arc026,https://beta.atcoder.jp/contests/arc026/tasks/arc026_2,2,256 MB
arc026_3,C - 蛍光灯,No Score,arc026,https://beta.atcoder.jp/contests/arc026/tasks/arc026_3,2,256 MB
arc026_4,D - 道を直すお仕事,No Score,arc026,https://beta.atcoder.jp/contests/arc026/tasks/arc026_4,2,256 MB
arc027_1,A - 門限,No Score,arc027,https://beta.atcoder.jp/contests/arc027/tasks/arc027_1,2,256 MB
arc027_2,B - 大事な数なのでZ回書きまLた。,No Score,arc027,https://beta.atcoder.jp/contests/arc027/tasks/arc027_2,2,256 MB
arc027_3,C - 最高のトッピングにしような,No Score,arc027,https://beta.atcoder.jp/contests/arc027/tasks/arc027_3,2,256 MB
arc027_4,D - ぴょんぴょんトレーニング,No Score,arc027,https://beta.atcoder.jp/contests/arc027/tasks/arc027_4,8,256 MB
arc028_1,A - 小石を取るゲーム,No Score,arc028,https://beta.atcoder.jp/contests/arc028/tasks/arc028_1,2,256 MB
arc028_2,B - 特別賞,No Score,arc028,https://beta.atcoder.jp/contests/arc028/tasks/arc028_2,2,256 MB
arc028_3,C - 高橋王国の分割統治,No Score,arc028,https://beta.atcoder.jp/contests/arc028/tasks/arc028_3,2,256 MB
arc028_4,D - 注文の多い高橋商店,No Score,arc028,https://beta.atcoder.jp/contests/arc028/tasks/arc028_4,2,256 MB
arc029_1,A - 高橋君とお肉,No Score,arc029,https://beta.atcoder.jp/contests/arc029/tasks/arc029_1,2,256 MB
arc029_2,B - 高橋君と禁断の書,No Score,arc029,https://beta.atcoder.jp/contests/arc029/tasks/arc029_2,2,256 MB
arc029_3,C - 高橋君と国家,No Score,arc029,https://beta.atcoder.jp/contests/arc029/tasks/arc029_3,2,256 MB
arc029_4,D - 高橋君と木のおもちゃ,No Score,arc029,https://beta.atcoder.jp/contests/arc029/tasks/arc029_4,2,256 MB
arc030_1,A - 閉路グラフ,No Score,arc030,https://beta.atcoder.jp/contests/arc030/tasks/arc030_1,2,256 MB
arc030_2,B - ツリーグラフ,No Score,arc030,https://beta.atcoder.jp/contests/arc030/tasks/arc030_2,2,256 MB
arc030_3,C - 有向グラフ,No Score,arc030,https://beta.atcoder.jp/contests/arc030/tasks/arc030_3,2,256 MB
arc030_4,D - グラフではない,No Score,arc030,https://beta.atcoder.jp/contests/arc030/tasks/arc030_4,5,768 MB
arc031_1,A - 名前,No Score,arc031,https://beta.atcoder.jp/contests/arc031/tasks/arc031_1,2,256 MB
arc031_2,B - 埋め立て,No Score,arc031,https://beta.atcoder.jp/contests/arc031/tasks/arc031_2,2,256 MB
arc031_3,C - 積み木,No Score,arc031,https://beta.atcoder.jp/contests/arc031/tasks/arc031_3,2,256 MB
arc031_4,D - 買い物上手,No Score,arc031,https://beta.atcoder.jp/contests/arc031/tasks/arc031_4,2,256 MB
arc032_1,A - ホリドッグ,No Score,arc032,https://beta.atcoder.jp/contests/arc032/tasks/arc032_1,2,256 MB
arc032_2,B - 道路工事,No Score,arc032,https://beta.atcoder.jp/contests/arc032/tasks/arc032_2,2,256 MB
arc032_3,C - 仕事計画,No Score,arc032,https://beta.atcoder.jp/contests/arc032/tasks/arc032_3,2,256 MB
arc032_4,D - アットコーダーモンスターズ,No Score,arc032,https://beta.atcoder.jp/contests/arc032/tasks/arc032_4,2,256 MB
arc033_1,A - 隠れた言葉,No Score,arc033,https://beta.atcoder.jp/contests/arc033/tasks/arc033_1,2,256 MB
arc033_2,B - メタ構文変数,No Score,arc033,https://beta.atcoder.jp/contests/arc033/tasks/arc033_2,2,256 MB
arc033_3,C - データ構造,No Score,arc033,https://beta.atcoder.jp/contests/arc033/tasks/arc033_3,2,256 MB
arc033_4,D - 見たことのない多項式,No Score,arc033,https://beta.atcoder.jp/contests/arc033/tasks/arc033_4,2,256 MB
arc034_1,A - 首席,No Score,arc034,https://beta.atcoder.jp/contests/arc034/tasks/arc034_1,2,256 MB
arc034_2,B - 方程式,No Score,arc034,https://beta.atcoder.jp/contests/arc034/tasks/arc034_2,2,256 MB
arc034_3,C - 約数かつ倍数,No Score,arc034,https://beta.atcoder.jp/contests/arc034/tasks/arc034_3,2,256 MB
arc034_4,D - インフレゲーム,No Score,arc034,https://beta.atcoder.jp/contests/arc034/tasks/arc034_4,2,256 MB
arc035_a,A - 高橋くんと回文,No Score,arc035,https://beta.atcoder.jp/contests/arc035/tasks/arc035_a,2,256 MB
arc035_b,B - アットコーダー王国のコンテスト事情,No Score,arc035,https://beta.atcoder.jp/contests/arc035/tasks/arc035_b,2,256 MB
arc035_c,C - アットコーダー王国の交通事情,No Score,arc035,https://beta.atcoder.jp/contests/arc035/tasks/arc035_c,2,256 MB
arc035_d,D - 高橋くんとマラソンコース,No Score,arc035,https://beta.atcoder.jp/contests/arc035/tasks/arc035_d,3,256 MB
arc036_a,A - ぐっすり,No Score,arc036,https://beta.atcoder.jp/contests/arc036/tasks/arc036_a,2,256 MB
arc036_b,B - 山のデータ,No Score,arc036,https://beta.atcoder.jp/contests/arc036/tasks/arc036_b,2,256 MB
arc036_c,C - 偶然ジェネレータ,No Score,arc036,https://beta.atcoder.jp/contests/arc036/tasks/arc036_c,2,256 MB
arc036_d,D - 偶数メートル,No Score,arc036,https://beta.atcoder.jp/contests/arc036/tasks/arc036_d,2,256 MB
arc037_a,A - 全優,No Score,arc037,https://beta.atcoder.jp/contests/arc037/tasks/arc037_a,2,256 MB
arc037_b,B - バウムテスト,No Score,arc037,https://beta.atcoder.jp/contests/arc037/tasks/arc037_b,2,256 MB
arc037_c,C - 億マス計算,No Score,arc037,https://beta.atcoder.jp/contests/arc037/tasks/arc037_c,2,256 MB
arc037_d,D - Chaotic Polygons,No Score,arc037,https://beta.atcoder.jp/contests/arc037/tasks/arc037_d,2,256 MB
arc038_a,A - カードと兄妹,No Score,arc038,https://beta.atcoder.jp/contests/arc038/tasks/arc038_a,2,256 MB
arc038_b,B - マス目と駒,No Score,arc038,https://beta.atcoder.jp/contests/arc038/tasks/arc038_b,2,256 MB
arc038_c,C - 茶碗と豆,No Score,arc038,https://beta.atcoder.jp/contests/arc038/tasks/arc038_c,2,256 MB
arc038_d,D - 有向グラフと数,No Score,arc038,https://beta.atcoder.jp/contests/arc038/tasks/arc038_d,2,256 MB
arc039_a,A - A - B problem,No Score,arc039,https://beta.atcoder.jp/contests/arc039/tasks/arc039_a,2,256 MB
arc039_b,B - 高橋幼稚園,No Score,arc039,https://beta.atcoder.jp/contests/arc039/tasks/arc039_b,2,256 MB
arc039_c,C - 幼稚園児高橋君,No Score,arc039,https://beta.atcoder.jp/contests/arc039/tasks/arc039_c,4,256 MB
arc039_d,D - 旅行会社高橋君,No Score,arc039,https://beta.atcoder.jp/contests/arc039/tasks/arc039_d,3,256 MB
arc040_a,A - 床塗り,No Score,arc040,https://beta.atcoder.jp/contests/arc040/tasks/arc040_a,2,256 MB
arc040_b,B - 直線塗り,No Score,arc040,https://beta.atcoder.jp/contests/arc040/tasks/arc040_b,2,256 MB
arc040_c,C - Z塗り,No Score,arc040,https://beta.atcoder.jp/contests/arc040/tasks/arc040_c,2,256 MB
arc040_d,D - カクカク塗り,No Score,arc040,https://beta.atcoder.jp/contests/arc040/tasks/arc040_d,5,256 MB
arc041_a,A - コインの反転,No Score,arc041,https://beta.atcoder.jp/contests/arc041/tasks/arc041_a,2,256 MB
arc041_b,B - アメーバ,No Score,arc041,https://beta.atcoder.jp/contests/arc041/tasks/arc041_b,2,256 MB
arc041_c,C - ウサギ跳び,No Score,arc041,https://beta.atcoder.jp/contests/arc041/tasks/arc041_c,2,256 MB
arc041_d,D - 辺彩色,No Score,arc041,https://beta.atcoder.jp/contests/arc041/tasks/arc041_d,2,256 MB
arc042_a,A - 掲示板,No Score,arc042,https://beta.atcoder.jp/contests/arc042/tasks/arc042_a,2,256 MB
arc042_b,B - アリの高橋くん,No Score,arc042,https://beta.atcoder.jp/contests/arc042/tasks/arc042_b,2,256 MB
arc042_c,C - おやつ,No Score,arc042,https://beta.atcoder.jp/contests/arc042/tasks/arc042_c,2,256 MB
arc042_d,D - あまり,No Score,arc042,https://beta.atcoder.jp/contests/arc042/tasks/arc042_d,5,256 MB
arc043_a,A - 点数変換,No Score,arc043,https://beta.atcoder.jp/contests/arc043/tasks/arc043_a,2,256 MB
arc043_b,B - 難易度,No Score,arc043,https://beta.atcoder.jp/contests/arc043/tasks/arc043_b,2,256 MB
arc043_c,C - 転倒距離,No Score,arc043,https://beta.atcoder.jp/contests/arc043/tasks/arc043_c,2,256 MB
arc043_d,D - 引っ越し,No Score,arc043,https://beta.atcoder.jp/contests/arc043/tasks/arc043_d,2,256 MB
arc044_a,A - 素数判定,No Score,arc044,https://beta.atcoder.jp/contests/arc044/tasks/arc044_a,2,256 MB
arc044_b,B - 最短路問題,No Score,arc044,https://beta.atcoder.jp/contests/arc044/tasks/arc044_b,2,256 MB
arc044_c,C - ビーム,No Score,arc044,https://beta.atcoder.jp/contests/arc044/tasks/arc044_c,2,256 MB
arc044_d,D - suffix array,No Score,arc044,https://beta.atcoder.jp/contests/arc044/tasks/arc044_d,2,256 MB
arc045_a,A - スペース高橋君,No Score,arc045,https://beta.atcoder.jp/contests/arc045/tasks/arc045_a,2,256 MB
arc045_b,B - ドキドキデート大作戦高橋君,No Score,arc045,https://beta.atcoder.jp/contests/arc045/tasks/arc045_b,2,256 MB
arc045_c,C - エックスオア多橋君,No Score,arc045,https://beta.atcoder.jp/contests/arc045/tasks/arc045_c,2,256 MB
arc045_d,D - みんな仲良し高橋君,No Score,arc045,https://beta.atcoder.jp/contests/arc045/tasks/arc045_d,3,256 MB
arc046_a,A - ゾロ目数,No Score,arc046,https://beta.atcoder.jp/contests/arc046/tasks/arc046_a,2,256 MB
arc046_b,B - 石取り大作戦,No Score,arc046,https://beta.atcoder.jp/contests/arc046/tasks/arc046_b,2,256 MB
arc046_c,C - 合コン大作戦,No Score,arc046,https://beta.atcoder.jp/contests/arc046/tasks/arc046_c,3,256 MB
arc046_d,D - うさぎとマス目,No Score,arc046,https://beta.atcoder.jp/contests/arc046/tasks/arc046_d,2,256 MB
arc047_a,A - タブの開きすぎ,No Score,arc047,https://beta.atcoder.jp/contests/arc047/tasks/arc047_a,2,256 MB
arc047_b,B - 同一円周上,No Score,arc047,https://beta.atcoder.jp/contests/arc047/tasks/arc047_b,2,256 MB
arc047_c,C - N!÷K番目の単語,No Score,arc047,https://beta.atcoder.jp/contests/arc047/tasks/arc047_c,2,256 MB
arc047_d,D - ナナメクエリ,No Score,arc047,https://beta.atcoder.jp/contests/arc047/tasks/arc047_d,2,256 MB
arc048_a,A - 階段の下,No Score,arc048,https://beta.atcoder.jp/contests/arc048/tasks/arc048_a,2,262.144 MB
arc048_b,B - AtCoderでじゃんけんを,No Score,arc048,https://beta.atcoder.jp/contests/arc048/tasks/arc048_b,2,262.144 MB
arc048_c,C - 足の多い高橋君,No Score,arc048,https://beta.atcoder.jp/contests/arc048/tasks/arc048_c,2,262.144 MB
arc048_d,D - たこ焼き屋とQ人の高橋君,No Score,arc048,https://beta.atcoder.jp/contests/arc048/tasks/arc048_d,2,262.144 MB
arc049_a,A - &#34;強調&#34;,No Score,arc049,https://beta.atcoder.jp/contests/arc049/tasks/arc049_a,2,256 MB
arc049_b,B - 高橋ノルム君,No Score,arc049,https://beta.atcoder.jp/contests/arc049/tasks/arc049_b,2,256 MB
arc049_c,C - ぬりまーす,No Score,arc049,https://beta.atcoder.jp/contests/arc049/tasks/arc049_c,2,256 MB
arc049_d,D - すわっぷしまーす,No Score,arc049,https://beta.atcoder.jp/contests/arc049/tasks/arc049_d,2,256 MB
arc050_a,A - 大文字と小文字,No Score,arc050,https://beta.atcoder.jp/contests/arc050/tasks/arc050_a,2,256 MB
arc050_b,B - 花束,No Score,arc050,https://beta.atcoder.jp/contests/arc050/tasks/arc050_b,2,256 MB
arc050_c,C - LCM 111,No Score,arc050,https://beta.atcoder.jp/contests/arc050/tasks/arc050_c,2,256 MB
arc050_d,D - Suffix Concat,No Score,arc050,https://beta.atcoder.jp/contests/arc050/tasks/arc050_d,4,256 MB
arc051_a,A - 塗り絵,No Score,arc051,https://beta.atcoder.jp/contests/arc051/tasks/arc051_a,2,256 MB
arc051_b,B - 互除法,No Score,arc051,https://beta.atcoder.jp/contests/arc051/tasks/arc051_b,2,256 MB
arc051_c,C - 掛け算,No Score,arc051,https://beta.atcoder.jp/contests/arc051/tasks/arc051_c,2,256 MB
arc051_d,D - 長方形,No Score,arc051,https://beta.atcoder.jp/contests/arc051/tasks/arc051_d,2,256 MB
arc052_a,A - 何期生？,No Score,arc052,https://beta.atcoder.jp/contests/arc052/tasks/arc052_a,2,256 MB
arc052_b,B - 円錐,No Score,arc052,https://beta.atcoder.jp/contests/arc052/tasks/arc052_b,2,256 MB
arc052_c,C -  高橋くんと不思議な道,No Score,arc052,https://beta.atcoder.jp/contests/arc052/tasks/arc052_c,4,256 MB
arc052_d,D - 9,No Score,arc052,https://beta.atcoder.jp/contests/arc052/tasks/arc052_d,2,256 MB
arc053_a,A - ドミノ色塗り,No Score,arc053,https://beta.atcoder.jp/contests/arc053/tasks/arc053_a,2,256 MB
arc053_b,B - 回文分割,No Score,arc053,https://beta.atcoder.jp/contests/arc053/tasks/arc053_b,2,256 MB
arc053_c,C - 魔法使い高橋君,No Score,arc053,https://beta.atcoder.jp/contests/arc053/tasks/arc053_c,2,256 MB
arc053_d,D - 2 つの山札,No Score,arc053,https://beta.atcoder.jp/contests/arc053/tasks/arc053_d,5,256 MB
arc054_a,A - 動く歩道,No Score,arc054,https://beta.atcoder.jp/contests/arc054/tasks/arc054_a,2,262.144 MB
arc054_b,B - ムーアの法則,No Score,arc054,https://beta.atcoder.jp/contests/arc054/tasks/arc054_b,2,262.144 MB
arc054_c,C - 鯛焼き,No Score,arc054,https://beta.atcoder.jp/contests/arc054/tasks/arc054_c,2,262.144 MB
arc054_d,D - バブルソート,No Score,arc054,https://beta.atcoder.jp/contests/arc054/tasks/arc054_d,5,524.288 MB
arc055_a,A - 数え上げ,No Score,arc055,https://beta.atcoder.jp/contests/arc055/tasks/arc055_a,2,256 MB
arc055_b,B - せんべい,No Score,arc055,https://beta.atcoder.jp/contests/arc055/tasks/arc055_b,2,256 MB
arc055_c,C - ABCAC,No Score,arc055,https://beta.atcoder.jp/contests/arc055/tasks/arc055_c,5,256 MB
arc055_d,D - 隠された等差数列,No Score,arc055,https://beta.atcoder.jp/contests/arc055/tasks/arc055_d,5,256 MB
arc056_a,A - みんなでワイワイみかん,No Score,arc056,https://beta.atcoder.jp/contests/arc056/tasks/arc056_a,2,256 MB
arc056_b,B - 駐車場,No Score,arc056,https://beta.atcoder.jp/contests/arc056/tasks/arc056_b,2,256 MB
arc056_c,C - 部門分け,No Score,arc056,https://beta.atcoder.jp/contests/arc056/tasks/arc056_c,3,256 MB
arc056_d,D - サケノミ,No Score,arc056,https://beta.atcoder.jp/contests/arc056/tasks/arc056_d,2,256 MB
arc057_a,A - 2兆円,No Score,arc057,https://beta.atcoder.jp/contests/arc057/tasks/arc057_a,2,262.144 MB
arc057_b,B - 高橋君ゲーム,No Score,arc057,https://beta.atcoder.jp/contests/arc057/tasks/arc057_b,2,262.144 MB
arc057_c,C - 2乗根,No Score,arc057,https://beta.atcoder.jp/contests/arc057/tasks/arc057_c,2,262.144 MB
arc057_d,D - 全域木,No Score,arc057,https://beta.atcoder.jp/contests/arc057/tasks/arc057_d,5,262.144 MB
arc058_a,C - こだわり者いろはちゃん / Iroha&#39;s Obsession,300,arc058,https://beta.atcoder.jp/contests/arc058/tasks/arc058_a,2,256 MB
arc058_b,D - いろはちゃんとマス目 / Iroha and a Grid,400,arc058,https://beta.atcoder.jp/contests/arc058/tasks/arc058_b,2,256 MB
arc058_c,E - 和風いろはちゃん / Iroha and Haiku,700,arc058,https://beta.atcoder.jp/contests/arc058/tasks/arc058_c,4,512 MB
arc058_d,F - 文字列大好きいろはちゃん / Iroha Loves Strings,1500,arc058,https://beta.atcoder.jp/contests/arc058/tasks/arc058_d,5,768 MB
arc059_a,C - いっしょ / Be Together,200,arc059,https://beta.atcoder.jp/contests/arc059/tasks/arc059_a,2,256 MB
arc059_b,D - アンバランス / Unbalanced,400,arc059,https://beta.atcoder.jp/contests/arc059/tasks/arc059_b,2,256 MB
arc059_c,E - キャンディーとN人の子供 / Children and Candies,800,arc059,https://beta.atcoder.jp/contests/arc059/tasks/arc059_c,4,256 MB
arc059_d,F - バイナリハック / Unhappy Hacking,800,arc059,https://beta.atcoder.jp/contests/arc059/tasks/arc059_d,2,256 MB
arc060_a,C - 高橋君とカード / Tak and Cards,300,arc060,https://beta.atcoder.jp/contests/arc060/tasks/arc060_a,2,256 MB
arc060_b,D - 桁和 / Digit Sum,500,arc060,https://beta.atcoder.jp/contests/arc060/tasks/arc060_b,2,256 MB
arc060_c,E - 高橋君とホテル / Tak and Hotels,700,arc060,https://beta.atcoder.jp/contests/arc060/tasks/arc060_c,3,256 MB
arc060_d,F - 最良表現 / Best Representation,900,arc060,https://beta.atcoder.jp/contests/arc060/tasks/arc060_d,2,256 MB
arc061_a,C - たくさんの数式 / Many Formulas,300,arc061,https://beta.atcoder.jp/contests/arc061/tasks/arc061_a,2,256 MB
arc061_b,D - すぬけ君の塗り絵 / Snuke&#39;s Coloring,400,arc061,https://beta.atcoder.jp/contests/arc061/tasks/arc061_b,3,256 MB
arc061_c,E - すぬけ君の地下鉄旅行 / Snuke&#39;s Subway Trip,600,arc061,https://beta.atcoder.jp/contests/arc061/tasks/arc061_c,3,256 MB
arc061_d,F - 3人でカードゲーム / Card Game for Three,1100,arc061,https://beta.atcoder.jp/contests/arc061/tasks/arc061_d,3,256 MB
arc062_a,C - AtCoDeerくんと選挙速報 / AtCoDeer and Election Report,300,arc062,https://beta.atcoder.jp/contests/arc062/tasks/arc062_a,2,256 MB
arc062_b,D - AtCoDeerくんと変なじゃんけん / AtCoDeer and Rock-Paper,300,arc062,https://beta.atcoder.jp/contests/arc062/tasks/arc062_b,2,256 MB
arc062_c,E - AtCoDeerくんと立方体づくり / Building Cubes with AtCoDeer,900,arc062,https://beta.atcoder.jp/contests/arc062/tasks/arc062_c,4,256 MB
arc062_d,F - AtCoDeerくんとグラフ色塗り / Painting Graphs with AtCoDeer,1300,arc062,https://beta.atcoder.jp/contests/arc062/tasks/arc062_d,2,512 MB
arc063_a,C - 一次元リバーシ / 1D Reversi,300,arc063,https://beta.atcoder.jp/contests/arc063/tasks/arc063_a,2,256 MB
arc063_b,D - 高橋君と見えざる手 / An Invisible Hand,400,arc063,https://beta.atcoder.jp/contests/arc063/tasks/arc063_b,2,256 MB
arc063_c,E - 木と整数 / Integers on a Tree,800,arc063,https://beta.atcoder.jp/contests/arc063/tasks/arc063_c,2,256 MB
arc063_d,F - すぬけ君の塗り絵 2 / Snuke&#39;s Coloring 2,1600,arc063,https://beta.atcoder.jp/contests/arc063/tasks/arc063_d,4,256 MB
arc064_a,C - Boxes and Candies,300,arc064,https://beta.atcoder.jp/contests/arc064/tasks/arc064_a,2,256 MB
arc064_b,D - An Ordinary Game,500,arc064,https://beta.atcoder.jp/contests/arc064/tasks/arc064_b,2,256 MB
arc064_c,E - Cosmic Rays,600,arc064,https://beta.atcoder.jp/contests/arc064/tasks/arc064_c,2,256 MB
arc064_d,F - Rotated Palindromes,1000,arc064,https://beta.atcoder.jp/contests/arc064/tasks/arc064_d,2,256 MB
arc065_a,C - 白昼夢 / Daydream,300,arc065,https://beta.atcoder.jp/contests/arc065/tasks/arc065_a,2,256 MB
arc065_b,D - 連結 / Connectivity,400,arc065,https://beta.atcoder.jp/contests/arc065/tasks/arc065_b,2,256 MB
arc065_c,E - へんなコンパス / Manhattan Compass,900,arc065,https://beta.atcoder.jp/contests/arc065/tasks/arc065_c,3,256 MB
arc065_d,F - シャッフル / Shuffling,900,arc065,https://beta.atcoder.jp/contests/arc065/tasks/arc065_d,2,256 MB
arc066_a,C - Lining Up,300,arc066,https://beta.atcoder.jp/contests/arc066/tasks/arc066_a,2,256 MB
arc066_b,D - Xor Sum,600,arc066,https://beta.atcoder.jp/contests/arc066/tasks/arc066_b,2,256 MB
arc066_c,E - Addition and Subtraction Hard,900,arc066,https://beta.atcoder.jp/contests/arc066/tasks/arc066_c,2,256 MB
arc066_d,F - Contest with Drinks Hard,1400,arc066,https://beta.atcoder.jp/contests/arc066/tasks/arc066_d,2,256 MB
arc067_a,C - Factors of Factorial,300,arc067,https://beta.atcoder.jp/contests/arc067/tasks/arc067_a,2,256 MB
arc067_b,D - Walk and Teleport,500,arc067,https://beta.atcoder.jp/contests/arc067/tasks/arc067_b,2,256 MB
arc067_c,E - Grouping,600,arc067,https://beta.atcoder.jp/contests/arc067/tasks/arc067_c,2,256 MB
arc067_d,F - Yakiniku Restaurants,1000,arc067,https://beta.atcoder.jp/contests/arc067/tasks/arc067_d,2,256 MB
arc068_a,C - X: Yet Another Die Game,300,arc068,https://beta.atcoder.jp/contests/arc068/tasks/arc068_a,2,256 MB
arc068_b,D - Card Eater,400,arc068,https://beta.atcoder.jp/contests/arc068/tasks/arc068_b,2,256 MB
arc068_c,E - Snuke Line,700,arc068,https://beta.atcoder.jp/contests/arc068/tasks/arc068_c,2,256 MB
arc068_d,F - Solitaire,1200,arc068,https://beta.atcoder.jp/contests/arc068/tasks/arc068_d,2,256 MB
arc069_a,C - Scc Puzzle,300,arc069,https://beta.atcoder.jp/contests/arc069/tasks/arc069_a,2,256 MB
arc069_b,D - Menagerie,500,arc069,https://beta.atcoder.jp/contests/arc069/tasks/arc069_b,2,256 MB
arc069_c,E - Frequency,700,arc069,https://beta.atcoder.jp/contests/arc069/tasks/arc069_c,2,256 MB
arc069_d,F - Flags,1200,arc069,https://beta.atcoder.jp/contests/arc069/tasks/arc069_d,5,256 MB
arc070_a,C - Go Home,200,arc070,https://beta.atcoder.jp/contests/arc070/tasks/arc070_a,2,256 MB
arc070_b,D - No Need,600,arc070,https://beta.atcoder.jp/contests/arc070/tasks/arc070_b,2,256 MB
arc070_c,E - NarrowRectangles,1000,arc070,https://beta.atcoder.jp/contests/arc070/tasks/arc070_c,2,256 MB
arc070_d,F - HonestOrUnkind,1300,arc070,https://beta.atcoder.jp/contests/arc070/tasks/arc070_d,2,256 MB
arc071_a,C - 怪文書 / Dubious Document,300,arc071,https://beta.atcoder.jp/contests/arc071/tasks/arc071_a,2,256 MB
arc071_b,D - 井井井 / ###,500,arc071,https://beta.atcoder.jp/contests/arc071/tasks/arc071_b,2,256 MB
arc071_c,E - TrBBnsformBBtion,600,arc071,https://beta.atcoder.jp/contests/arc071/tasks/arc071_c,2,256 MB
arc071_d,F - Infinite Sequence,1000,arc071,https://beta.atcoder.jp/contests/arc071/tasks/arc071_d,2,256 MB
arc072_a,C - Sequence,300,arc072,https://beta.atcoder.jp/contests/arc072/tasks/arc072_a,2,256 MB
arc072_b,D - Alice&amp;Brown,500,arc072,https://beta.atcoder.jp/contests/arc072/tasks/arc072_b,2,256 MB
arc072_c,E - Alice in linear land,900,arc072,https://beta.atcoder.jp/contests/arc072/tasks/arc072_c,2,256 MB
arc072_d,F - Dam,900,arc072,https://beta.atcoder.jp/contests/arc072/tasks/arc072_d,3,256 MB
arc073_a,C - Sentou,300,arc073,https://beta.atcoder.jp/contests/arc073/tasks/arc073_a,2,256 MB
arc073_b,D - Simple Knapsack,400,arc073,https://beta.atcoder.jp/contests/arc073/tasks/arc073_b,2,256 MB
arc073_c,E - Ball Coloring,700,arc073,https://beta.atcoder.jp/contests/arc073/tasks/arc073_c,2,256 MB
arc073_d,F - Many Moves,900,arc073,https://beta.atcoder.jp/contests/arc073/tasks/arc073_d,2,256 MB
arc074_a,C - Chocolate Bar,400,arc074,https://beta.atcoder.jp/contests/arc074/tasks/arc074_a,2,256 MB
arc074_b,D - 3N Numbers,500,arc074,https://beta.atcoder.jp/contests/arc074/tasks/arc074_b,2,256 MB
arc074_c,E - RGB Sequence,800,arc074,https://beta.atcoder.jp/contests/arc074/tasks/arc074_c,2,256 MB
arc074_d,F - Lotus Leaves,800,arc074,https://beta.atcoder.jp/contests/arc074/tasks/arc074_d,2,256 MB
arc075_a,C - Bugged,300,arc075,https://beta.atcoder.jp/contests/arc075/tasks/arc075_a,2,256 MB
arc075_b,D - Widespread,400,arc075,https://beta.atcoder.jp/contests/arc075/tasks/arc075_b,2,256 MB
arc075_c,E - Meaningful Mean,600,arc075,https://beta.atcoder.jp/contests/arc075/tasks/arc075_c,2,256 MB
arc075_d,F - Mirrored,800,arc075,https://beta.atcoder.jp/contests/arc075/tasks/arc075_d,2,256 MB
arc076_a,C - Reconciled?,300,arc076,https://beta.atcoder.jp/contests/arc076/tasks/arc076_a,2,256 MB
arc076_b,D - Built?,500,arc076,https://beta.atcoder.jp/contests/arc076/tasks/arc076_b,2,256 MB
arc076_c,E - Connected?,700,arc076,https://beta.atcoder.jp/contests/arc076/tasks/arc076_c,2,256 MB
arc076_d,F - Exhausted?,1000,arc076,https://beta.atcoder.jp/contests/arc076/tasks/arc076_d,2,256 MB
arc077_a,C - pushpush,300,arc077,https://beta.atcoder.jp/contests/arc077/tasks/arc077_a,2,256 MB
arc077_b,D - 11,600,arc077,https://beta.atcoder.jp/contests/arc077/tasks/arc077_b,2,256 MB
arc077_c,E - guruguru,700,arc077,https://beta.atcoder.jp/contests/arc077/tasks/arc077_c,2,256 MB
arc077_d,F - SS,1100,arc077,https://beta.atcoder.jp/contests/arc077/tasks/arc077_d,2,256 MB
arc078_a,C - Splitting Pile,300,arc078,https://beta.atcoder.jp/contests/arc078/tasks/arc078_a,2,256 MB
arc078_b,D - Fennec VS. Snuke,400,arc078,https://beta.atcoder.jp/contests/arc078/tasks/arc078_b,2,256 MB
arc078_c,E - Awkward Response,800,arc078,https://beta.atcoder.jp/contests/arc078/tasks/arc078_c,2,256 MB
arc078_d,F - Mole and Abandoned Mine,900,arc078,https://beta.atcoder.jp/contests/arc078/tasks/arc078_d,4,256 MB
arc079_a,C - Cat Snuke and a Voyage,300,arc079,https://beta.atcoder.jp/contests/arc079/tasks/arc079_a,2,256 MB
arc079_b,D - Decrease (Contestant ver.),600,arc079,https://beta.atcoder.jp/contests/arc079/tasks/arc079_b,2,256 MB
arc079_c,E - Decrease (Judge ver.),600,arc079,https://beta.atcoder.jp/contests/arc079/tasks/arc079_c,2,256 MB
arc079_d,F - Namori Grundy,800,arc079,https://beta.atcoder.jp/contests/arc079/tasks/arc079_d,2,256 MB
arc080_a,C - 4-adjacent,400,arc080,https://beta.atcoder.jp/contests/arc080/tasks/arc080_a,2,256 MB
arc080_b,D - Grid Coloring,400,arc080,https://beta.atcoder.jp/contests/arc080/tasks/arc080_b,2,256 MB
arc080_c,E - Young Maids,800,arc080,https://beta.atcoder.jp/contests/arc080/tasks/arc080_c,2,256 MB
arc080_d,F - Prime Flip,1200,arc080,https://beta.atcoder.jp/contests/arc080/tasks/arc080_d,2,256 MB
arc081_a,C - Make a Rectangle,300,arc081,https://beta.atcoder.jp/contests/arc081/tasks/arc081_a,2,256 MB
arc081_b,D - Coloring Dominoes,400,arc081,https://beta.atcoder.jp/contests/arc081/tasks/arc081_b,2,256 MB
arc081_c,E - Don&#39;t Be a Subsequence,600,arc081,https://beta.atcoder.jp/contests/arc081/tasks/arc081_c,2,256 MB
arc081_d,F - Flip and Rectangles,700,arc081,https://beta.atcoder.jp/contests/arc081/tasks/arc081_d,2,256 MB
arc082_a,C - Together,300,arc082,https://beta.atcoder.jp/contests/arc082/tasks/arc082_a,2,256 MB
arc082_b,D - Derangement,400,arc082,https://beta.atcoder.jp/contests/arc082/tasks/arc082_b,2,256 MB
arc082_c,E - ConvexScore,700,arc082,https://beta.atcoder.jp/contests/arc082/tasks/arc082_c,2,256 MB
arc082_d,F - Sandglass,700,arc082,https://beta.atcoder.jp/contests/arc082/tasks/arc082_d,2,256 MB
arc083_a,C - Sugar Water,300,arc083,https://beta.atcoder.jp/contests/arc083/tasks/arc083_a,3,256 MB
arc083_b,D - Restoring Road Network,500,arc083,https://beta.atcoder.jp/contests/arc083/tasks/arc083_b,2,256 MB
arc083_c,E - Bichrome Tree,700,arc083,https://beta.atcoder.jp/contests/arc083/tasks/arc083_c,2,256 MB
arc083_d,F - Collecting Balls,1200,arc083,https://beta.atcoder.jp/contests/arc083/tasks/arc083_d,2,256 MB
arc084_a,C - Snuke Festival,300,arc084,https://beta.atcoder.jp/contests/arc084/tasks/arc084_a,2,256 MB
arc084_b,D - Small Multiple,700,arc084,https://beta.atcoder.jp/contests/arc084/tasks/arc084_b,2,256 MB
arc084_c,E - Finite Encyclopedia of Integer Sequences,800,arc084,https://beta.atcoder.jp/contests/arc084/tasks/arc084_c,2,256 MB
arc084_d,F - XorShift,1000,arc084,https://beta.atcoder.jp/contests/arc084/tasks/arc084_d,2,256 MB
arc085_a,C - HSI,300,arc085,https://beta.atcoder.jp/contests/arc085/tasks/arc085_a,2,256 MB
arc085_b,D - ABS,500,arc085,https://beta.atcoder.jp/contests/arc085/tasks/arc085_b,2,256 MB
arc085_c,E - MUL,700,arc085,https://beta.atcoder.jp/contests/arc085/tasks/arc085_c,2,256 MB
arc085_d,F - NRE,1000,arc085,https://beta.atcoder.jp/contests/arc085/tasks/arc085_d,3,256 MB
arc086_a,C - Not so Diverse,300,arc086,https://beta.atcoder.jp/contests/arc086/tasks/arc086_a,2,256 MB
arc086_b,D - Non-decreasing,600,arc086,https://beta.atcoder.jp/contests/arc086/tasks/arc086_b,2,256 MB
arc086_c,E - Smuggling Marbles,1000,arc086,https://beta.atcoder.jp/contests/arc086/tasks/arc086_c,3,512 MB
arc086_d,F - Shift and Decrement,1200,arc086,https://beta.atcoder.jp/contests/arc086/tasks/arc086_d,2,256 MB
arc087_a,C - Good Sequence,300,arc087,https://beta.atcoder.jp/contests/arc087/tasks/arc087_a,2,256 MB
arc087_b,D - FT Robot,500,arc087,https://beta.atcoder.jp/contests/arc087/tasks/arc087_b,2,512 MB
arc087_c,E - Prefix-free Game,700,arc087,https://beta.atcoder.jp/contests/arc087/tasks/arc087_c,2,256 MB
arc087_d,F - Squirrel Migration,800,arc087,https://beta.atcoder.jp/contests/arc087/tasks/arc087_d,5,512 MB
arc088_a,C - Multiple Gift,300,arc088,https://beta.atcoder.jp/contests/arc088/tasks/arc088_a,2,256 MB
arc088_b,D - Wide Flip,500,arc088,https://beta.atcoder.jp/contests/arc088/tasks/arc088_b,2,256 MB
arc088_c,E - Papple Sort,800,arc088,https://beta.atcoder.jp/contests/arc088/tasks/arc088_c,2,256 MB
arc088_d,F - Christmas Tree,900,arc088,https://beta.atcoder.jp/contests/arc088/tasks/arc088_d,2,256 MB
abc001_1,A - 積雪深差,No Score,abc001,https://beta.atcoder.jp/contests/abc001/tasks/abc001_1,2,64 MB
abc001_2,B - 視程の通報,No Score,abc001,https://beta.atcoder.jp/contests/abc001/tasks/abc001_2,2,64 MB
abc001_3,C - 風力観測,No Score,abc001,https://beta.atcoder.jp/contests/abc001/tasks/abc001_3,2,64 MB
abc001_4,D - 感雨時刻の整理,No Score,abc001,https://beta.atcoder.jp/contests/abc001/tasks/abc001_4,2,64 MB
abc002_1,A - 正直者,No Score,abc002,https://beta.atcoder.jp/contests/abc002/tasks/abc002_1,2,64 MB
abc002_2,B - 罠,No Score,abc002,https://beta.atcoder.jp/contests/abc002/tasks/abc002_2,2,64 MB
abc002_3,C - 直訴,No Score,abc002,https://beta.atcoder.jp/contests/abc002/tasks/abc002_3,2,64 MB
abc002_4,D - 派閥,No Score,abc002,https://beta.atcoder.jp/contests/abc002/tasks/abc002_4,2,64 MB
abc003_1,A - AtCoder社の給料,No Score,abc003,https://beta.atcoder.jp/contests/abc003/tasks/abc003_1,2,64 MB
abc003_2,B - AtCoderトランプ,No Score,abc003,https://beta.atcoder.jp/contests/abc003/tasks/abc003_2,2,64 MB
abc003_3,C - AtCoderプログラミング講座,No Score,abc003,https://beta.atcoder.jp/contests/abc003/tasks/abc003_3,2,64 MB
abc003_4,D - AtCoder社の冬,No Score,abc003,https://beta.atcoder.jp/contests/abc003/tasks/abc003_4,2,64 MB
abc004_1,A - 流行,No Score,abc004,https://beta.atcoder.jp/contests/abc004/tasks/abc004_1,2,64 MB
abc004_2,B - 回転,No Score,abc004,https://beta.atcoder.jp/contests/abc004/tasks/abc004_2,2,64 MB
abc004_3,C - 入れ替え,No Score,abc004,https://beta.atcoder.jp/contests/abc004/tasks/abc004_3,2,64 MB
abc004_4,D - マーブル,No Score,abc004,https://beta.atcoder.jp/contests/abc004/tasks/abc004_4,2,64 MB
abc005_1,A - おいしいたこ焼きの作り方,No Score,abc005,https://beta.atcoder.jp/contests/abc005/tasks/abc005_1,2,64 MB
abc005_2,B - おいしいたこ焼きの食べ方,No Score,abc005,https://beta.atcoder.jp/contests/abc005/tasks/abc005_2,2,64 MB
abc005_3,C - おいしいたこ焼きの売り方,No Score,abc005,https://beta.atcoder.jp/contests/abc005/tasks/abc005_3,2,64 MB
abc005_4,D - おいしいたこ焼きの焼き方,No Score,abc005,https://beta.atcoder.jp/contests/abc005/tasks/abc005_4,5,256 MB
abc006_1,A - 世界のFizzBuzz,No Score,abc006,https://beta.atcoder.jp/contests/abc006/tasks/abc006_1,2,256 MB
abc006_2,B - トリボナッチ数列,No Score,abc006,https://beta.atcoder.jp/contests/abc006/tasks/abc006_2,2,256 MB
abc006_3,C - スフィンクスのなぞなぞ,No Score,abc006,https://beta.atcoder.jp/contests/abc006/tasks/abc006_3,2,256 MB
abc006_4,D - トランプ挿入ソート,No Score,abc006,https://beta.atcoder.jp/contests/abc006/tasks/abc006_4,2,256 MB
abc007_1,A - 植木算,No Score,abc007,https://beta.atcoder.jp/contests/abc007/tasks/abc007_1,2,256 MB
abc007_2,B - 辞書式順序,No Score,abc007,https://beta.atcoder.jp/contests/abc007/tasks/abc007_2,2,256 MB
abc007_3,C - 幅優先探索,No Score,abc007,https://beta.atcoder.jp/contests/abc007/tasks/abc007_3,2,256 MB
abc007_4,D - 禁止された数字,No Score,abc007,https://beta.atcoder.jp/contests/abc007/tasks/abc007_4,2,256 MB
abc008_1,A - アルバム,No Score,abc008,https://beta.atcoder.jp/contests/abc008/tasks/abc008_1,2,256 MB
abc008_2,B - 投票,No Score,abc008,https://beta.atcoder.jp/contests/abc008/tasks/abc008_2,2,256 MB
abc008_3,C - コイン,No Score,abc008,https://beta.atcoder.jp/contests/abc008/tasks/abc008_3,2,256 MB
abc008_4,D - 金塊ゲーム,No Score,abc008,https://beta.atcoder.jp/contests/abc008/tasks/abc008_4,4,512 MB
abc009_1,A - 引越し作業,No Score,abc009,https://beta.atcoder.jp/contests/abc009/tasks/abc009_1,2,256 MB
abc009_2,B - 心配性な富豪、ファミリーレストランに行く。,No Score,abc009,https://beta.atcoder.jp/contests/abc009/tasks/abc009_2,2,256 MB
abc009_3,C - 辞書式順序ふたたび,No Score,abc009,https://beta.atcoder.jp/contests/abc009/tasks/abc009_3,2,256 MB
abc009_4,D - 漸化式,No Score,abc009,https://beta.atcoder.jp/contests/abc009/tasks/abc009_4,2,256 MB
abc010_1,A - ハンドルネーム,No Score,abc010,https://beta.atcoder.jp/contests/abc010/tasks/abc010_1,2,256 MB
abc010_2,B - 花占い,No Score,abc010,https://beta.atcoder.jp/contests/abc010/tasks/abc010_2,2,256 MB
abc010_3,C - 浮気調査,No Score,abc010,https://beta.atcoder.jp/contests/abc010/tasks/abc010_3,2,256 MB
abc010_4,D - 浮気予防,No Score,abc010,https://beta.atcoder.jp/contests/abc010/tasks/abc010_4,2,256 MB
abc011_1,A - 来月は何月？,No Score,abc011,https://beta.atcoder.jp/contests/abc011/tasks/abc011_1,2,256 MB
abc011_2,B - 名前の確認,No Score,abc011,https://beta.atcoder.jp/contests/abc011/tasks/abc011_2,2,256 MB
abc011_3,C - 123引き算,No Score,abc011,https://beta.atcoder.jp/contests/abc011/tasks/abc011_3,2,256 MB
abc011_4,D - 大ジャンプ,No Score,abc011,https://beta.atcoder.jp/contests/abc011/tasks/abc011_4,2,256 MB
abc012_1,A - スワップ,No Score,abc012,https://beta.atcoder.jp/contests/abc012/tasks/abc012_1,2,256 MB
abc012_2,B - 入浴時間,No Score,abc012,https://beta.atcoder.jp/contests/abc012/tasks/abc012_2,2,256 MB
abc012_3,C - 九九足し算,No Score,abc012,https://beta.atcoder.jp/contests/abc012/tasks/abc012_3,2,256 MB
abc012_4,D - バスと避けられない運命,No Score,abc012,https://beta.atcoder.jp/contests/abc012/tasks/abc012_4,5,256 MB
abc013_1,A - A,No Score,abc013,https://beta.atcoder.jp/contests/abc013/tasks/abc013_1,2,256 MB
abc013_2,B - 錠,No Score,abc013,https://beta.atcoder.jp/contests/abc013/tasks/abc013_2,2,256 MB
abc013_3,C - 節制,No Score,abc013,https://beta.atcoder.jp/contests/abc013/tasks/abc013_3,2,256 MB
abc013_4,D - 阿弥陀,No Score,abc013,https://beta.atcoder.jp/contests/abc013/tasks/abc013_4,4,256 MB
abc014_1,A - けんしょう先生のお菓子配り,No Score,abc014,https://beta.atcoder.jp/contests/abc014/tasks/abc014_1,2,256 MB
abc014_2,B - 価格の合計,No Score,abc014,https://beta.atcoder.jp/contests/abc014/tasks/abc014_2,2,256 MB
abc014_3,C - AtColor,No Score,abc014,https://beta.atcoder.jp/contests/abc014/tasks/abc014_3,3,256 MB
abc014_4,D - 閉路,No Score,abc014,https://beta.atcoder.jp/contests/abc014/tasks/abc014_4,2,256 MB
abc015_1,A - 高橋くんの研修,No Score,abc015,https://beta.atcoder.jp/contests/abc015/tasks/abc015_1,2,256 MB
abc015_2,B - 高橋くんの集計,No Score,abc015,https://beta.atcoder.jp/contests/abc015/tasks/abc015_2,2,256 MB
abc015_3,C - 高橋くんのバグ探し,No Score,abc015,https://beta.atcoder.jp/contests/abc015/tasks/abc015_3,2,256 MB
abc015_4,D - 高橋くんの苦悩,No Score,abc015,https://beta.atcoder.jp/contests/abc015/tasks/abc015_4,2,256 MB
abc016_1,A - 12月6日,No Score,abc016,https://beta.atcoder.jp/contests/abc016/tasks/abc016_1,2,256 MB
abc016_2,B - A±B Problem,No Score,abc016,https://beta.atcoder.jp/contests/abc016/tasks/abc016_2,2,256 MB
abc016_3,C - 友達の友達,No Score,abc016,https://beta.atcoder.jp/contests/abc016/tasks/abc016_3,2,256 MB
abc016_4,D - 一刀両断,No Score,abc016,https://beta.atcoder.jp/contests/abc016/tasks/abc016_4,2,256 MB
abc017_1,A - プロコン,No Score,abc017,https://beta.atcoder.jp/contests/abc017/tasks/abc017_1,2,256 MB
abc017_2,B - choku語,No Score,abc017,https://beta.atcoder.jp/contests/abc017/tasks/abc017_2,2,256 MB
abc017_3,C - ハイスコア,No Score,abc017,https://beta.atcoder.jp/contests/abc017/tasks/abc017_3,6,256 MB
abc017_4,D - サプリメント,No Score,abc017,https://beta.atcoder.jp/contests/abc017/tasks/abc017_4,3,256 MB
abc018_1,A - 豆まき,No Score,abc018,https://beta.atcoder.jp/contests/abc018/tasks/abc018_1,2,256 MB
abc018_2,B - 文字列の反転,No Score,abc018,https://beta.atcoder.jp/contests/abc018/tasks/abc018_2,2,256 MB
abc018_3,C - 菱型カウント,No Score,abc018,https://beta.atcoder.jp/contests/abc018/tasks/abc018_3,2,256 MB
abc018_4,D - バレンタインデー,No Score,abc018,https://beta.atcoder.jp/contests/abc018/tasks/abc018_4,2,256 MB
abc019_1,A - 高橋くんと年齢,No Score,abc019,https://beta.atcoder.jp/contests/abc019/tasks/abc019_1,2,256 MB
abc019_2,B - 高橋くんと文字列圧縮,No Score,abc019,https://beta.atcoder.jp/contests/abc019/tasks/abc019_2,2,256 MB
abc019_3,C - 高橋くんと魔法の箱,No Score,abc019,https://beta.atcoder.jp/contests/abc019/tasks/abc019_3,2,256 MB
abc019_4,D - 高橋くんと木の直径,No Score,abc019,https://beta.atcoder.jp/contests/abc019/tasks/abc019_4,2,256 MB
abc020_a,A - クイズ,No Score,abc020,https://beta.atcoder.jp/contests/abc020/tasks/abc020_a,2,256 MB
abc020_b,B - 足し算,No Score,abc020,https://beta.atcoder.jp/contests/abc020/tasks/abc020_b,2,256 MB
abc020_c,C - 壁抜け,No Score,abc020,https://beta.atcoder.jp/contests/abc020/tasks/abc020_c,2,256 MB
abc020_d,D - LCM Rush,No Score,abc020,https://beta.atcoder.jp/contests/abc020/tasks/abc020_d,2,256 MB
abc021_a,A - 足し算,No Score,abc021,https://beta.atcoder.jp/contests/abc021/tasks/abc021_a,2,256 MB
abc021_b,B - 嘘つきの高橋くん,No Score,abc021,https://beta.atcoder.jp/contests/abc021/tasks/abc021_b,2,256 MB
abc021_c,C - 正直者の高橋くん,No Score,abc021,https://beta.atcoder.jp/contests/abc021/tasks/abc021_c,2,256 MB
abc021_d,D - 多重ループ,No Score,abc021,https://beta.atcoder.jp/contests/abc021/tasks/abc021_d,2,256 MB
abc022_a,A - Best Body,No Score,abc022,https://beta.atcoder.jp/contests/abc022/tasks/abc022_a,2,256 MB
abc022_b,B - Bumble Bee,No Score,abc022,https://beta.atcoder.jp/contests/abc022/tasks/abc022_b,2,256 MB
abc022_c,C - Blue Bird,No Score,abc022,https://beta.atcoder.jp/contests/abc022/tasks/abc022_c,2,256 MB
abc022_d,D - Big Bang,No Score,abc022,https://beta.atcoder.jp/contests/abc022/tasks/abc022_d,2,256 MB
abc023_a,A - 加算王,No Score,abc023,https://beta.atcoder.jp/contests/abc023/tasks/abc023_a,2,256 MB
abc023_b,B - 手芸王,No Score,abc023,https://beta.atcoder.jp/contests/abc023/tasks/abc023_b,2,256 MB
abc023_c,C - 収集王,No Score,abc023,https://beta.atcoder.jp/contests/abc023/tasks/abc023_c,2,256 MB
abc023_d,D - 射撃王,No Score,abc023,https://beta.atcoder.jp/contests/abc023/tasks/abc023_d,5,256 MB
abc024_a,A - 動物園,No Score,abc024,https://beta.atcoder.jp/contests/abc024/tasks/abc024_a,2,256 MB
abc024_b,B - 自動ドア,No Score,abc024,https://beta.atcoder.jp/contests/abc024/tasks/abc024_b,2,256 MB
abc024_c,C - 民族大移動,No Score,abc024,https://beta.atcoder.jp/contests/abc024/tasks/abc024_c,2,256 MB
abc024_d,D - 動的計画法,No Score,abc024,https://beta.atcoder.jp/contests/abc024/tasks/abc024_d,2,256 MB
abc025_a,A - 25個の文字列,No Score,abc025,https://beta.atcoder.jp/contests/abc025/tasks/abc025_a,2,256 MB
abc025_b,B - 双子とスイカ割り,No Score,abc025,https://beta.atcoder.jp/contests/abc025/tasks/abc025_b,2,256 MB
abc025_c,C - 双子と○×ゲーム,No Score,abc025,https://beta.atcoder.jp/contests/abc025/tasks/abc025_c,2,256 MB
abc025_d,D - 25個の整数,No Score,abc025,https://beta.atcoder.jp/contests/abc025/tasks/abc025_d,5,256 MB
abc026_a,A - 掛け算の最大値,No Score,abc026,https://beta.atcoder.jp/contests/abc026/tasks/abc026_a,2,256 MB
abc026_b,B - N重丸,No Score,abc026,https://beta.atcoder.jp/contests/abc026/tasks/abc026_b,2,256 MB
abc026_c,C - 高橋君の給料,No Score,abc026,https://beta.atcoder.jp/contests/abc026/tasks/abc026_c,2,256 MB
abc026_d,D - 高橋君ボール1号,No Score,abc026,https://beta.atcoder.jp/contests/abc026/tasks/abc026_d,2,256 MB
abc027_a,A - 長方形,No Score,abc027,https://beta.atcoder.jp/contests/abc027/tasks/abc027_a,2,256 MB
abc027_b,B - 島と橋,No Score,abc027,https://beta.atcoder.jp/contests/abc027/tasks/abc027_b,2,256 MB
abc027_c,C - 倍々ゲーム,No Score,abc027,https://beta.atcoder.jp/contests/abc027/tasks/abc027_c,2,256 MB
abc027_d,D - ロボット,No Score,abc027,https://beta.atcoder.jp/contests/abc027/tasks/abc027_d,2,256 MB
abc028_a,A - テスト評価,No Score,abc028,https://beta.atcoder.jp/contests/abc028/tasks/abc028_a,2,256 MB
abc028_b,B - 文字数カウント,No Score,abc028,https://beta.atcoder.jp/contests/abc028/tasks/abc028_b,2,256 MB
abc028_c,C - 数を3つ選ぶマン,No Score,abc028,https://beta.atcoder.jp/contests/abc028/tasks/abc028_c,2,256 MB
abc028_d,D - 乱数生成,No Score,abc028,https://beta.atcoder.jp/contests/abc028/tasks/abc028_d,2,256 MB
abc029_a,A - 複数形,No Score,abc029,https://beta.atcoder.jp/contests/abc029/tasks/abc029_a,2,256 MB
abc029_b,B - カキ,No Score,abc029,https://beta.atcoder.jp/contests/abc029/tasks/abc029_b,2,256 MB
abc029_c,C - Brute-force Attack,No Score,abc029,https://beta.atcoder.jp/contests/abc029/tasks/abc029_c,2,256 MB
abc029_d,D - 1,No Score,abc029,https://beta.atcoder.jp/contests/abc029/tasks/abc029_d,2,256 MB
abc030_a,A - 勝率計算,No Score,abc030,https://beta.atcoder.jp/contests/abc030/tasks/abc030_a,2,256 MB
abc030_b,B - 時計盤,No Score,abc030,https://beta.atcoder.jp/contests/abc030/tasks/abc030_b,2,256 MB
abc030_c,C - 飛行機乗り,No Score,abc030,https://beta.atcoder.jp/contests/abc030/tasks/abc030_c,2,256 MB
abc030_d,D - へんてこ辞書,No Score,abc030,https://beta.atcoder.jp/contests/abc030/tasks/abc030_d,2,256 MB
abc031_a,A - ゲーム,No Score,abc031,https://beta.atcoder.jp/contests/abc031/tasks/abc031_a,2,256 MB
abc031_b,B - 運動管理,No Score,abc031,https://beta.atcoder.jp/contests/abc031/tasks/abc031_b,2,256 MB
abc031_c,C - 数列ゲーム,No Score,abc031,https://beta.atcoder.jp/contests/abc031/tasks/abc031_c,2,256 MB
abc031_d,D - 語呂合わせ,No Score,abc031,https://beta.atcoder.jp/contests/abc031/tasks/abc031_d,2,256 MB
abc032_a,A - 高橋君と青木君の好きな数,No Score,abc032,https://beta.atcoder.jp/contests/abc032/tasks/abc032_a,2,256 MB
abc032_b,B - 高橋君とパスワード,No Score,abc032,https://beta.atcoder.jp/contests/abc032/tasks/abc032_b,2,256 MB
abc032_c,C - 列,No Score,abc032,https://beta.atcoder.jp/contests/abc032/tasks/abc032_c,2,256 MB
abc032_d,D - ナップサック問題,No Score,abc032,https://beta.atcoder.jp/contests/abc032/tasks/abc032_d,2,512 MB
abc033_a,A - 暗証番号,No Score,abc033,https://beta.atcoder.jp/contests/abc033/tasks/abc033_a,2,256 MB
abc033_b,B - 町の合併,No Score,abc033,https://beta.atcoder.jp/contests/abc033/tasks/abc033_b,2,256 MB
abc033_c,C - 数式の書き換え,No Score,abc033,https://beta.atcoder.jp/contests/abc033/tasks/abc033_c,2,256 MB
abc033_d,D - 三角形の分類,No Score,abc033,https://beta.atcoder.jp/contests/abc033/tasks/abc033_d,7,256 MB
abc034_a,A - テスト,No Score,abc034,https://beta.atcoder.jp/contests/abc034/tasks/abc034_a,2,256 MB
abc034_b,B - ペア,No Score,abc034,https://beta.atcoder.jp/contests/abc034/tasks/abc034_b,2,256 MB
abc034_c,C - 経路,No Score,abc034,https://beta.atcoder.jp/contests/abc034/tasks/abc034_c,2,256 MB
abc034_d,D - 食塩水,No Score,abc034,https://beta.atcoder.jp/contests/abc034/tasks/abc034_d,2,256 MB
abc035_a,A - テレビ,No Score,abc035,https://beta.atcoder.jp/contests/abc035/tasks/abc035_a,2,256 MB
abc035_b,B - ドローン,No Score,abc035,https://beta.atcoder.jp/contests/abc035/tasks/abc035_b,2,256 MB
abc035_c,C - オセロ,No Score,abc035,https://beta.atcoder.jp/contests/abc035/tasks/abc035_c,2,256 MB
abc035_d,D - トレジャーハント,No Score,abc035,https://beta.atcoder.jp/contests/abc035/tasks/abc035_d,3,256 MB
abc036_a,A - お茶,No Score,abc036,https://beta.atcoder.jp/contests/abc036/tasks/abc036_a,2,256 MB
abc036_b,B - 回転,No Score,abc036,https://beta.atcoder.jp/contests/abc036/tasks/abc036_b,2,256 MB
abc036_c,C - 座圧,No Score,abc036,https://beta.atcoder.jp/contests/abc036/tasks/abc036_c,2,256 MB
abc036_d,D - 塗り絵,No Score,abc036,https://beta.atcoder.jp/contests/abc036/tasks/abc036_d,2,256 MB
abc037_a,A - 饅頭,No Score,abc037,https://beta.atcoder.jp/contests/abc037/tasks/abc037_a,2,256 MB
abc037_b,B - 編集,No Score,abc037,https://beta.atcoder.jp/contests/abc037/tasks/abc037_b,2,256 MB
abc037_c,C - 総和,No Score,abc037,https://beta.atcoder.jp/contests/abc037/tasks/abc037_c,2,256 MB
abc037_d,D - 経路,No Score,abc037,https://beta.atcoder.jp/contests/abc037/tasks/abc037_d,2,256 MB
abc038_a,A - お茶,No Score,abc038,https://beta.atcoder.jp/contests/abc038/tasks/abc038_a,2,256 MB
abc038_b,B - ディスプレイ,No Score,abc038,https://beta.atcoder.jp/contests/abc038/tasks/abc038_b,2,256 MB
abc038_c,C - 単調増加,No Score,abc038,https://beta.atcoder.jp/contests/abc038/tasks/abc038_c,2,256 MB
abc038_d,D - プレゼント,No Score,abc038,https://beta.atcoder.jp/contests/abc038/tasks/abc038_d,2,256 MB
abc039_a,A - 高橋直体,No Score,abc039,https://beta.atcoder.jp/contests/abc039/tasks/abc039_a,2,256 MB
abc039_b,B - エージェント高橋君,No Score,abc039,https://beta.atcoder.jp/contests/abc039/tasks/abc039_b,2,256 MB
abc039_c,C - ピアニスト高橋君,No Score,abc039,https://beta.atcoder.jp/contests/abc039/tasks/abc039_c,2,256 MB
abc039_d,D - 画像処理高橋君,No Score,abc039,https://beta.atcoder.jp/contests/abc039/tasks/abc039_d,2,256 MB
abc040_a,A - 赤赤赤赤青,No Score,abc040,https://beta.atcoder.jp/contests/abc040/tasks/abc040_a,2,256 MB
abc040_b,B - □□□□□,No Score,abc040,https://beta.atcoder.jp/contests/abc040/tasks/abc040_b,2,256 MB
abc040_c,C - 柱柱柱柱柱,No Score,abc040,https://beta.atcoder.jp/contests/abc040/tasks/abc040_c,2,256 MB
abc040_d,D - 道路の老朽化対策について,No Score,abc040,https://beta.atcoder.jp/contests/abc040/tasks/abc040_d,2,256 MB
abc041_a,A - 添字,No Score,abc041,https://beta.atcoder.jp/contests/abc041/tasks/abc041_a,2,256 MB
abc041_b,B - 直方体,No Score,abc041,https://beta.atcoder.jp/contests/abc041/tasks/abc041_b,2,256 MB
abc041_c,C - 背の順,No Score,abc041,https://beta.atcoder.jp/contests/abc041/tasks/abc041_c,2,256 MB
abc041_d,D - 徒競走,No Score,abc041,https://beta.atcoder.jp/contests/abc041/tasks/abc041_d,3,256 MB
abc042_a,A - 和風いろはちゃんイージー / Iroha and Haiku (ABC Edition),100,abc042,https://beta.atcoder.jp/contests/abc042/tasks/abc042_a,2,256 MB
abc042_b,B - 文字列大好きいろはちゃんイージー / Iroha Loves Strings (ABC Edition),200,abc042,https://beta.atcoder.jp/contests/abc042/tasks/abc042_b,2,256 MB
abc043_a,A - キャンディーとN人の子供イージー / Children and Candies (ABC Edit),100,abc043,https://beta.atcoder.jp/contests/abc043/tasks/abc043_a,2,256 MB
abc043_b,B - バイナリハックイージー / Unhappy Hacking (ABC Edit),200,abc043,https://beta.atcoder.jp/contests/abc043/tasks/abc043_b,2,256 MB
abc044_a,A - 高橋君とホテルイージー / Tak and Hotels (ABC Edit),100,abc044,https://beta.atcoder.jp/contests/abc044/tasks/abc044_a,2,256 MB
abc044_b,B - 美しい文字列 / Beautiful Strings,200,abc044,https://beta.atcoder.jp/contests/abc044/tasks/abc044_b,2,256 MB
abc045_a,A - 台形 / Trapezoids,100,abc045,https://beta.atcoder.jp/contests/abc045/tasks/abc045_a,2,256 MB
abc045_b,B - 3人でカードゲームイージー / Card Game for Three (ABC Edit),200,abc045,https://beta.atcoder.jp/contests/abc045/tasks/abc045_b,2,256 MB
abc046_a,A - AtCoDeerくんとペンキ / AtCoDeer and Paint Cans,100,abc046,https://beta.atcoder.jp/contests/abc046/tasks/abc046_a,2,256 MB
abc046_b,B - AtCoDeerくんとボール色塗り / Painting Balls with AtCoDeer,200,abc046,https://beta.atcoder.jp/contests/abc046/tasks/abc046_b,2,256 MB
abc047_a,A - キャンディーと2人の子供 / Fighting over Candies,100,abc047,https://beta.atcoder.jp/contests/abc047/tasks/abc047_a,2,256 MB
abc047_b,B - すぬけ君の塗り絵 2 イージー / Snuke&#39;s Coloring 2 (ABC Edit),200,abc047,https://beta.atcoder.jp/contests/abc047/tasks/abc047_b,2,256 MB
abc048_a,A - AtCoder *** Contest,100,abc048,https://beta.atcoder.jp/contests/abc048/tasks/abc048_a,2,256 MB
abc048_b,B - Between a and b ...,200,abc048,https://beta.atcoder.jp/contests/abc048/tasks/abc048_b,2,256 MB
abc049_a,A - 居合を終え、青い絵を覆う / UOIAUAI,100,abc049,https://beta.atcoder.jp/contests/abc049/tasks/abc049_a,2,256 MB
abc049_b,B - たてなが / Thin,200,abc049,https://beta.atcoder.jp/contests/abc049/tasks/abc049_b,2,256 MB
abc050_a,A - Addition and Subtraction Easy,100,abc050,https://beta.atcoder.jp/contests/abc050/tasks/abc050_a,2,256 MB
abc050_b,B - Contest with Drinks Easy,200,abc050,https://beta.atcoder.jp/contests/abc050/tasks/abc050_b,2,256 MB
abc051_a,A - Haiku,100,abc051,https://beta.atcoder.jp/contests/abc051/tasks/abc051_a,2,256 MB
abc051_b,B - Sum of Three Integers,200,abc051,https://beta.atcoder.jp/contests/abc051/tasks/abc051_b,2,256 MB
abc051_c,C - Back and Forth,300,abc051,https://beta.atcoder.jp/contests/abc051/tasks/abc051_c,2,256 MB
abc051_d,D - Candidates of No Shortest Paths,400,abc051,https://beta.atcoder.jp/contests/abc051/tasks/abc051_d,2,256 MB
abc052_a,A - Two Rectangles,100,abc052,https://beta.atcoder.jp/contests/abc052/tasks/abc052_a,2,256 MB
abc052_b,B - Increment Decrement,200,abc052,https://beta.atcoder.jp/contests/abc052/tasks/abc052_b,2,256 MB
abc053_a,A - ABC/ARC,100,abc053,https://beta.atcoder.jp/contests/abc053/tasks/abc053_a,2,256 MB
abc053_b,B - A to Z String,200,abc053,https://beta.atcoder.jp/contests/abc053/tasks/abc053_b,2,256 MB
abc054_a,A - One Card Poker,100,abc054,https://beta.atcoder.jp/contests/abc054/tasks/abc054_a,2,256 MB
abc054_b,B - Template Matching,200,abc054,https://beta.atcoder.jp/contests/abc054/tasks/abc054_b,2,256 MB
abc054_c,C - One-stroke Path,300,abc054,https://beta.atcoder.jp/contests/abc054/tasks/abc054_c,2,256 MB
abc054_d,D - Mixing Experiment,400,abc054,https://beta.atcoder.jp/contests/abc054/tasks/abc054_d,2,256 MB
abc055_a,A - Restaurant,100,abc055,https://beta.atcoder.jp/contests/abc055/tasks/abc055_a,2,256 MB
abc055_b,B - Training Camp,200,abc055,https://beta.atcoder.jp/contests/abc055/tasks/abc055_b,2,256 MB
abc056_a,A - HonestOrDishonest,100,abc056,https://beta.atcoder.jp/contests/abc056/tasks/abc056_a,2,256 MB
abc056_b,B - NarrowRectanglesEasy,200,abc056,https://beta.atcoder.jp/contests/abc056/tasks/abc056_b,2,256 MB
abc057_a,A - Remaining Time,100,abc057,https://beta.atcoder.jp/contests/abc057/tasks/abc057_a,2,256 MB
abc057_b,B - Checkpoints,200,abc057,https://beta.atcoder.jp/contests/abc057/tasks/abc057_b,2,256 MB
abc057_c,C - Digits in Multiplication,300,abc057,https://beta.atcoder.jp/contests/abc057/tasks/abc057_c,2,256 MB
abc057_d,D - Maximum Average Sets,400,abc057,https://beta.atcoder.jp/contests/abc057/tasks/abc057_d,2,256 MB
abc058_a,A - ι⊥l,100,abc058,https://beta.atcoder.jp/contests/abc058/tasks/abc058_a,2,256 MB
abc058_b,B - ∵∴∵,200,abc058,https://beta.atcoder.jp/contests/abc058/tasks/abc058_b,2,256 MB
abc059_a,A - Three-letter acronym,100,abc059,https://beta.atcoder.jp/contests/abc059/tasks/abc059_a,2,256 MB
abc059_b,B - Comparison,200,abc059,https://beta.atcoder.jp/contests/abc059/tasks/abc059_b,2,256 MB
abc060_a,A - Shiritori,100,abc060,https://beta.atcoder.jp/contests/abc060/tasks/abc060_a,2,256 MB
abc060_b,B - Choose Integers,200,abc060,https://beta.atcoder.jp/contests/abc060/tasks/abc060_b,2,256 MB
abc061_a,A - Between Two Integers,100,abc061,https://beta.atcoder.jp/contests/abc061/tasks/abc061_a,2,256 MB
abc061_b,B - Counting Roads,200,abc061,https://beta.atcoder.jp/contests/abc061/tasks/abc061_b,2,256 MB
abc061_c,C - Big Array,300,abc061,https://beta.atcoder.jp/contests/abc061/tasks/abc061_c,2,256 MB
abc061_d,D - Score Attack,400,abc061,https://beta.atcoder.jp/contests/abc061/tasks/abc061_d,2,256 MB
abc062_a,A - Grouping,100,abc062,https://beta.atcoder.jp/contests/abc062/tasks/abc062_a,2,256 MB
abc062_b,B - Picture Frame,200,abc062,https://beta.atcoder.jp/contests/abc062/tasks/abc062_b,2,256 MB
abc063_a,A - Restricted,100,abc063,https://beta.atcoder.jp/contests/abc063/tasks/abc063_a,2,256 MB
abc063_b,B - Varied,200,abc063,https://beta.atcoder.jp/contests/abc063/tasks/abc063_b,2,256 MB
abc064_a,A - RGB Cards,100,abc064,https://beta.atcoder.jp/contests/abc064/tasks/abc064_a,2,256 MB
abc064_b,B - Traveling AtCoDeer Problem,200,abc064,https://beta.atcoder.jp/contests/abc064/tasks/abc064_b,2,256 MB
abc064_c,C - Colorful Leaderboard,300,abc064,https://beta.atcoder.jp/contests/abc064/tasks/abc064_c,2,256 MB
abc064_d,D - Insertion,400,abc064,https://beta.atcoder.jp/contests/abc064/tasks/abc064_d,2,256 MB
abc065_a,A - Expired?,100,abc065,https://beta.atcoder.jp/contests/abc065/tasks/abc065_a,2,256 MB
abc065_b,B - Trained?,200,abc065,https://beta.atcoder.jp/contests/abc065/tasks/abc065_b,2,256 MB
abc066_a,A - ringring,100,abc066,https://beta.atcoder.jp/contests/abc066/tasks/abc066_a,2,256 MB
abc066_b,B - ss,200,abc066,https://beta.atcoder.jp/contests/abc066/tasks/abc066_b,2,256 MB
abc067_a,A - Sharing Cookies,100,abc067,https://beta.atcoder.jp/contests/abc067/tasks/abc067_a,2,256 MB
abc067_b,B - Snake Toy,200,abc067,https://beta.atcoder.jp/contests/abc067/tasks/abc067_b,2,256 MB
abc068_a,A - ABCxxx,100,abc068,https://beta.atcoder.jp/contests/abc068/tasks/abc068_a,2,256 MB
abc068_b,B - Break Number,200,abc068,https://beta.atcoder.jp/contests/abc068/tasks/abc068_b,2,256 MB
abc069_a,A - K-City,100,abc069,https://beta.atcoder.jp/contests/abc069/tasks/abc069_a,2,256 MB
abc069_b,B - i18n,200,abc069,https://beta.atcoder.jp/contests/abc069/tasks/abc069_b,2,256 MB
abc070_a,A - Palindromic Number,100,abc070,https://beta.atcoder.jp/contests/abc070/tasks/abc070_a,2,256 MB
abc070_b,B - Two Switches,200,abc070,https://beta.atcoder.jp/contests/abc070/tasks/abc070_b,2,256 MB
abc070_c,C - Multiple Clocks,300,abc070,https://beta.atcoder.jp/contests/abc070/tasks/abc070_c,2,256 MB
abc070_d,D - Transit Tree Path,400,abc070,https://beta.atcoder.jp/contests/abc070/tasks/abc070_d,2,256 MB
abc071_a,A - Meal Delivery,100,abc071,https://beta.atcoder.jp/contests/abc071/tasks/abc071_a,2,256 MB
abc071_b,B - Not Found,200,abc071,https://beta.atcoder.jp/contests/abc071/tasks/abc071_b,2,256 MB
abc072_a,A - Sandglass2,100,abc072,https://beta.atcoder.jp/contests/abc072/tasks/abc072_a,2,256 MB
abc072_b,B - OddString,200,abc072,https://beta.atcoder.jp/contests/abc072/tasks/abc072_b,2,256 MB
abc073_a,A - September 9,100,abc073,https://beta.atcoder.jp/contests/abc073/tasks/abc073_a,2,256 MB
abc073_b,B - Theater,200,abc073,https://beta.atcoder.jp/contests/abc073/tasks/abc073_b,2,256 MB
abc073_c,C - Write and Erase,300,abc073,https://beta.atcoder.jp/contests/abc073/tasks/abc073_c,2,256 MB
abc073_d,D - joisino&#39;s travel,400,abc073,https://beta.atcoder.jp/contests/abc073/tasks/abc073_d,2,256 MB
abc074_a,A - Bichrome Cells,100,abc074,https://beta.atcoder.jp/contests/abc074/tasks/abc074_a,2,256 MB
abc074_b,B - Collecting Balls (Easy Version),200,abc074,https://beta.atcoder.jp/contests/abc074/tasks/abc074_b,2,256 MB
abc075_a,A - One out of Three,100,abc075,https://beta.atcoder.jp/contests/abc075/tasks/abc075_a,2,256 MB
abc075_b,B - Minesweeper,200,abc075,https://beta.atcoder.jp/contests/abc075/tasks/abc075_b,2,256 MB
abc075_c,C - Bridge,300,abc075,https://beta.atcoder.jp/contests/abc075/tasks/abc075_c,2,256 MB
abc075_d,D - Axis-Parallel Rectangle,400,abc075,https://beta.atcoder.jp/contests/abc075/tasks/abc075_d,2,256 MB
abc076_a,A - Rating Goal,100,abc076,https://beta.atcoder.jp/contests/abc076/tasks/abc076_a,2,256 MB
abc076_b,B - Addition and Multiplication,200,abc076,https://beta.atcoder.jp/contests/abc076/tasks/abc076_b,2,256 MB
abc076_c,C - Dubious Document 2,300,abc076,https://beta.atcoder.jp/contests/abc076/tasks/abc076_c,2,256 MB
abc076_d,D - AtCoder Express,No Score,abc076,https://beta.atcoder.jp/contests/abc076/tasks/abc076_d,2,256 MB
abc077_a,A - Rotation,100,abc077,https://beta.atcoder.jp/contests/abc077/tasks/abc077_a,2,256 MB
abc077_b,B - Around Square,200,abc077,https://beta.atcoder.jp/contests/abc077/tasks/abc077_b,2,256 MB
abc078_a,A - HEX,100,abc078,https://beta.atcoder.jp/contests/abc078/tasks/abc078_a,2,256 MB
abc078_b,B - ISU,200,abc078,https://beta.atcoder.jp/contests/abc078/tasks/abc078_b,2,256 MB
abc079_a,A - Good Integer,100,abc079,https://beta.atcoder.jp/contests/abc079/tasks/abc079_a,2,256 MB
abc079_b,B - Lucas Number,200,abc079,https://beta.atcoder.jp/contests/abc079/tasks/abc079_b,2,256 MB
abc079_c,C - Train Ticket,300,abc079,https://beta.atcoder.jp/contests/abc079/tasks/abc079_c,2,256 MB
abc079_d,D - Wall,400,abc079,https://beta.atcoder.jp/contests/abc079/tasks/abc079_d,2,256 MB
abc080_a,A - Parking,100,abc080,https://beta.atcoder.jp/contests/abc080/tasks/abc080_a,2,256 MB
abc080_b,B - Harshad Number,200,abc080,https://beta.atcoder.jp/contests/abc080/tasks/abc080_b,2,256 MB
abc080_c,C - Shopping Street,300,abc080,https://beta.atcoder.jp/contests/abc080/tasks/abc080_c,2,256 MB
abc080_d,D - Recording,400,abc080,https://beta.atcoder.jp/contests/abc080/tasks/abc080_d,2,256 MB
abc081_a,A - Placing Marbles,100,abc081,https://beta.atcoder.jp/contests/abc081/tasks/abc081_a,2,256 MB
abc081_b,B - Shift only,200,abc081,https://beta.atcoder.jp/contests/abc081/tasks/abc081_b,2,256 MB
abc082_a,A - Round Up the Mean,100,abc082,https://beta.atcoder.jp/contests/abc082/tasks/abc082_a,2,256 MB
abc082_b,B - Two Anagrams,200,abc082,https://beta.atcoder.jp/contests/abc082/tasks/abc082_b,2,256 MB
abc083_a,A - Libra,100,abc083,https://beta.atcoder.jp/contests/abc083/tasks/abc083_a,2,256 MB
abc083_b,B - Some Sums,200,abc083,https://beta.atcoder.jp/contests/abc083/tasks/abc083_b,2,256 MB
abc084_a,A - New Year,100,abc084,https://beta.atcoder.jp/contests/abc084/tasks/abc084_a,2,256 MB
abc084_b,B - Postal Code,200,abc084,https://beta.atcoder.jp/contests/abc084/tasks/abc084_b,2,256 MB
abc084_c,C - Special Trains,300,abc084,https://beta.atcoder.jp/contests/abc084/tasks/abc084_c,3,256 MB
abc084_d,D - 2017-like Number,400,abc084,https://beta.atcoder.jp/contests/abc084/tasks/abc084_d,2,256 MB
abc085_a,A - Already 2018,100,abc085,https://beta.atcoder.jp/contests/abc085/tasks/abc085_a,2,256 MB
abc085_b,B - Kagami Mochi,200,abc085,https://beta.atcoder.jp/contests/abc085/tasks/abc085_b,2,256 MB
abc085_c,C - Otoshidama,300,abc085,https://beta.atcoder.jp/contests/abc085/tasks/abc085_c,2,256 MB
abc085_d,D - Katana Thrower,400,abc085,https://beta.atcoder.jp/contests/abc085/tasks/abc085_d,2,256 MB
